Case Number,Title,Settlement Amount,Date,Link
Case No. 6:20-cv-00163,"Walmart, Inc. to Pay $20 Million to Settle EEOC Nationwide Hiring Discrimination Case",$20,09-10-2020,https://www.eeoc.gov/newsroom/walmart-inc-pay-20-million-settle-eeoc-nationwide-hiring-discrimination-case
Case No. 2:20-cv-10662,"Covenant Healthcare Will Pay $104,707 to Settle EEOC Wage Discrimination Lawsuit","$104,707",09-04-2020,https://www.eeoc.gov/newsroom/covenant-healthcare-will-pay-104707-settle-eeoc-wage-discrimination-lawsuit
Case No. 5:19-cv-07574,Air Systems Inc. to Pay $1.25 Million to Settle EEOC Racial Harassment Suit,$1.25,08-21-2020,https://www.eeoc.gov/newsroom/air-systems-inc-pay-125-million-settle-eeoc-racial-harassment-suit
Case No. 2:19-cv-00740,"Multi-South Management Services to Pay $42,500 to Settle EEOC Pregnancy Discrimination and Disability Lawsuit","$42,500",08-19-2020,https://www.eeoc.gov/newsroom/multi-south-management-services-pay-42500-settle-eeoc-pregnancy-discrimination-and
Case No. 1:18-cv-2227,"Sol Mexican Grill, LLC And Sol Mexican Grill Two, LLC to Pay $50,000 to Settle EEOC Sexual Harassment and Retaliation Lawsuit","$50,000",08-18-2020,https://www.eeoc.gov/newsroom/sol-mexican-grill-llc-and-sol-mexican-grill-two-llc-pay-50000-settle-eeoc-sexual
Case No. 5:19-cv-00402,"Sactacular Holdings to Pay $35,000 to Settle EEOC Sex Discrimination Lawsuit","$35,000",08-13-2020,https://www.eeoc.gov/newsroom/sactacular-holdings-pay-35000-settle-eeoc-sex-discrimination-lawsuit
Case No. 2:20-cv-04021,"Doubletree Hotel to Pay $45,000 and Change Policies and Procedures to Settle Sexual Harassment Lawsuit","$45,000",08-05-2020,https://www.eeoc.gov/newsroom/doubletree-hotel-pay-45000-and-change-policies-and-procedures-settle-sexual-harassment
Case No. 5:19-cv-06878,"Guidewire Software to Pay $200,000 to Settle EEOC Disability Discrimination Lawsuit","$200,000",07-28-2020,https://www.eeoc.gov/newsroom/guidewire-software-pay-200000-settle-eeoc-disability-discrimination-lawsuit
Case No. 5:19-cv-00341,"Par Ventures, McDonald’s Franchisee, to Pay $12,500 to Settle EEOC Sexual Harassment Lawsuit","$12,500",07-17-2020,https://www.eeoc.gov/newsroom/par-ventures-mcdonalds-franchisee-pay-12500-settle-eeoc-sexual-harassment-lawsuit
Case No. 3:17-cv-02624,"CBS Broadcast Affiliate in Texas to Pay $215,000 to Settle EEOC Age Suit for Female Reporter","$215,000",07-13-2020,https://www.eeoc.gov/newsroom/cbs-broadcast-affiliate-texas-pay-215000-settle-eeoc-age-suit-female-reporter
Case No. 3:19-cv-00227,"ASICS America Corporation to Pay $49,650 to Settle EEOC Disability Discrimination Lawsuit","$49,650",07-06-2020,https://www.eeoc.gov/newsroom/asics-america-corporation-pay-49650-settle-eeoc-disability-discrimination-lawsuit
Case No. 1:19-cv-00203,"George W. Morosani and Associates to Pay $11,000 to Settle EEOC Retaliation Suit","$11,000",06-29-2020,https://www.eeoc.gov/newsroom/george-w-morosani-and-associates-pay-11000-settle-eeoc-retaliation-suit
Case No. 1:20-cv-03683,"Most Valuable Personnel and MVP Workforce to Pay $568,500 To Settle EEOC Race and Sex Discrimination Suit","$568,500",06-29-2020,https://www.eeoc.gov/newsroom/most-valuable-personnel-and-mvp-workforce-pay-568500-settle-eeoc-race-and-sex
Case No. 1:19-cv-00804,"Capital City Dental Care to Pay $100,000 To Settle EEOC Age Discrimination Suit","$100,000",06-23-2020,https://www.eeoc.gov/newsroom/capital-city-dental-care-pay-100000-settle-eeoc-age-discrimination-suit
Case No. 1:19-cv-04614,"GRK Fresh Greek to Pay $32,000 to Settle Sexual Harassment Suit","$32,000",06-12-2020,https://www.eeoc.gov/newsroom/grk-fresh-greek-pay-32000-settle-sexual-harassment-suit
Case No. 2:20-cv-03131,Jet Propulsion Laboratory to Pay $10 Million to Settle EEOC Age Discrimination Lawsuit,$10,06-11-2020,https://www.eeoc.gov/newsroom/jet-propulsion-laboratory-pay-10-million-settle-eeoc-age-discrimination-lawsuit
Case No. 3:18-cv-00852,"Albertsons to Pay $210,000 to Settle EEOC National Origin Discrimination Lawsuit","$210,000",06-02-2020,https://www.eeoc.gov/newsroom/albertsons-pay-210000-settle-eeoc-national-origin-discrimination-lawsuit
Case No. 5:19-cv-00894,"Black Forest Décor to Pay $55,000 to Settle EEOC Disability Discrimination Suit","$55,000",06-01-2020,https://www.eeoc.gov/newsroom/black-forest-decor-pay-55000-settle-eeoc-disability-discrimination-suit
Case No. 8:19-cv-02100,"Medtronic to Pay $75,000 to Settle EEOC Disability Discrimination Lawsuit","$75,000",05-27-2020,https://www.eeoc.gov/newsroom/medtronic-pay-75000-settle-eeoc-disability-discrimination-lawsuit
Case No. 2:20-cv-00993,"Brookdale Senior Living Communities to Pay $80,000 to Settle EEOC Retaliation Suit","$80,000",05-22-2020,https://www.eeoc.gov/newsroom/brookdale-senior-living-communities-pay-80000-settle-eeoc-retaliation-suit
Case No. 1:19-cv-00764,"Christus St. Vincent Regional Medical Center to Pay $98,000 to Settle EEOC Disability and Retaliation Suit","$98,000",05-20-2020,https://www.eeoc.gov/newsroom/christus-st-vincent-regional-medical-center-pay-98000-settle-eeoc-disability-and
Case No. 3:17-cv-757,"Faurecia Madison Automobile Seating, Inc. to Pay $825,000 to Settle EEOC Disability Discrimination Lawsuit","$825,000",05-13-2020,https://www.eeoc.gov/newsroom/faurecia-madison-automobile-seating-inc-pay-825000-settle-eeoc-disability-discrimination
Case No. 5:16-cv-01347,"Wayne Farms to Pay $175,000 to Settle EEOC Lawsuit for Disability Discrimination","$175,000",05-04-2020,https://www.eeoc.gov/newsroom/wayne-farms-pay-175000-settle-eeoc-lawsuit-disability-discrimination
Case No. 3:19-cv-2304,"Enlivant / Assisted Living Concepts to Pay $66,000 to Settle EEOC Disability Accommodation Suit","$66,000",04-28-2020,https://www.eeoc.gov/newsroom/enlivant-assisted-living-concepts-pay-66000-settle-eeoc-disability-accommodation-suit
Case No. 2:18-cv-02670,"Versant Supply Chain and AT&T to Pay $150,000 to Settle EEOC Religious Discrimination Suit","$150,000",04-28-2020,https://www.eeoc.gov/newsroom/versant-supply-chain-and-att-pay-150000-settle-eeoc-religious-discrimination-suit
Case No. 4:19-cv-02043,"HM Solutions to Pay $315,000 to Settle EEOC Sexual Harassment and Retaliation Lawsuit","$315,000",04-27-2020,https://www.eeoc.gov/newsroom/hm-solutions-pay-315000-settle-eeoc-sexual-harassment-and-retaliation-lawsuit
Case No. 4:17-cv-00428,"Whataburger to Pay $180,000 to Settle EEOC Retaliation Suit","$180,000",04-27-2020,https://www.eeoc.gov/newsroom/whataburger-pay-180000-settle-eeoc-retaliation-suit
Case No. 1:07-cv-2500,Baltimore County Will Pay $5.4 Million to Settle Long-Running EEOC Age Discrimination Lawsuit,$5.4,04-24-2020,https://www.eeoc.gov/newsroom/baltimore-county-will-pay-54-million-settle-long-running-eeoc-age-discrimination-lawsuit
Case No. 1:19-cv-00970,"Cañon City Chili’s Restaurant to Pay $150,000 to Settle EEOC Sexual Harassment and Retaliation Lawsuit","$150,000",04-14-2020,https://www.eeoc.gov/newsroom/canon-city-chilis-restaurant-pay-150000-settle-eeoc-sexual-harassment-and-retaliation
Case No. 3:19-cv-05409,"Washington Resorts Pay $570,000 to Settle EEOC Sexual Harassment Lawsuit","$570,000",04-10-2020,https://www.eeoc.gov/newsroom/washington-resorts-pay-570000-settle-eeoc-sexual-harassment-lawsuit
Case No. 5:16-cv-1142,"Former Convenience Store Owner to Pay $160,000 to Resolve Disability Discrimination Suit","$160,000",04-07-2020,https://www.eeoc.gov/newsroom/former-convenience-store-owner-pay-160000-resolve-disability-discrimination-suit
Case No. 3:19-cv-00295,"Hunter Auto & Wrecker Service to Pay $19,000 to Settle EEOC Sexual Harassment Lawsuit","$19,000",04-03-2020,https://www.eeoc.gov/newsroom/hunter-auto-wrecker-service-pay-19000-settle-eeoc-sexual-harassment-lawsuit
Case No. 3:18-cv-05802,"Target Corporation to Pay $45,000 to Settle EEOC Disability Discrimination Lawsuit","$45,000",04-02-2020,https://www.eeoc.gov/newsroom/target-corporation-pay-45000-settle-eeoc-disability-discrimination-lawsuit
Case No. 1:19-cv-02846,"Bay Country Professional Concrete Will Pay $74,000 to Settle EEOC Harassment and Retaliation Lawsuits","$74,000",03-31-2020,https://www.eeoc.gov/newsroom/bay-country-professional-concrete-will-pay-74000-settle-eeoc-harassment-and-retaliation
Case No. 2:19-cv-02540,"University of Kansas to Pay $144,000 to Settle EEOC Retaliation Discrimination Lawsuit","$144,000",03-13-2020,https://www.eeoc.gov/newsroom/university-kansas-pay-144000-settle-eeoc-retaliation-discrimination-lawsuit-0
Case No. 2:19-cv-02540,"University of Kansas to Pay $144,000 to Settle EEOC Retaliation Discrimination Lawsuit","$144,000",03-13-2020,https://www.eeoc.gov/newsroom/university-kansas-pay-144000-settle-eeoc-retaliation-discrimination-lawsuit
Case No. 3:18-cv-05792,"Olympia Senior Care Providers to Pay $450,000 to Settle EEOC Sexual Harassment Lawsuit","$450,000",03-12-2020,https://www.eeoc.gov/newsroom/olympia-senior-care-providers-pay-450000-settle-eeoc-sexual-harassment-lawsuit
Case No. 1:19-cv-00585,"Erickson Living Management Will Pay $151,000 to Settle EEOC Retaliation Lawsuit","$151,000",03-11-2020,https://www.eeoc.gov/newsroom/erickson-living-management-will-pay-151000-settle-eeoc-retaliation-lawsuit
Case No. 3:18-cv-01099,"Porous Materials to Pay $93,000 to Settle EEOC Harassment and Retaliation Suit","$93,000",03-03-2020,https://www.eeoc.gov/newsroom/porous-materials-pay-93000-settle-eeoc-harassment-and-retaliation-suit
Case No. 3:19-cv-00596,"Coffel Vending to Pay $22,000 to Settle EEOC Race Hiring Suit","$22,000",02-25-2020,https://www.eeoc.gov/newsroom/coffel-vending-pay-22000-settle-eeoc-race-hiring-suit
Case No. 1:17-cv-01299,Prestige Care and Prestige Senior Living to Pay $2 Million to Settle EEOC Disability Discrimination Suit,$2,02-20-2020,https://www.eeoc.gov/newsroom/prestige-care-and-prestige-senior-living-pay-2-million-settle-eeoc-disability
Case No. 1:18-cv-0541,"Select Staffing to Pay $199,500 to Settle EEOC Sexual Harassment Suit","$199,500",02-13-2020,https://www.eeoc.gov/newsroom/select-staffing-pay-199500-settle-eeoc-sexual-harassment-suit
Case No. 2:19-cv-00314,"Hat World to Pay $33,000 to Settle EEOC Retaliation Lawsuit","$33,000",02-11-2020,https://www.eeoc.gov/newsroom/hat-world-pay-33000-settle-eeoc-retaliation-lawsuit
Case No. 7:19-cv-00064,"Cottle Strawberry to Pay $12,500 to Settle EEOC Religious Discrimination Lawsuit","$12,500",02-06-2020,https://www.eeoc.gov/newsroom/cottle-strawberry-pay-12500-settle-eeoc-religious-discrimination-lawsuit
Case No. 2:18-cv-14727,"Norfolk Southern to Pay $350,000 to Settle EEOC Age Discrimination Lawsuit","$350,000",01-31-2020,https://www.eeoc.gov/newsroom/norfolk-southern-pay-350000-settle-eeoc-age-discrimination-lawsuit
Case No. 4:19-cv-02218,"Element Plastics to Pay $35,000 to Settle EEOC Sexual Harassment And Retaliation Lawsuit","$35,000",01-28-2020,https://www.eeoc.gov/newsroom/element-plastics-pay-35000-settle-eeoc-sexual-harassment-and-retaliation-lawsuit
Case No. 1:16-cv-03180,"M&T Bank Will Pay $100,000 to Settle EEOC Disability Discrimination Lawsuit","$100,000",01-22-2020,https://www.eeoc.gov/newsroom/mt-bank-will-pay-100000-settle-eeoc-disability-discrimination-lawsuit
Case No. 2:18-cv-13270,"Safie Specialty Foods to Pay $125,000 to Settle EEOC Sexual Harassment and Retaliation Suit","$125,000",01-21-2020,https://www.eeoc.gov/newsroom/safie-specialty-foods-pay-125000-settle-eeoc-sexual-harassment-and-retaliation-suit
Case No. 3:19-cv-01231,"Fidelity Home Energy to Pay $350,000 to Settle EEOC National Origin Discrimination Lawsuit","$350,000",01-15-2020,https://www.eeoc.gov/newsroom/fidelity-home-energy-pay-350000-settle-eeoc-national-origin-discrimination-lawsuit
Case No. 1:19-cv-00903,"Greensboro Zaxby's Owner to Pay $30,000 To Settle EEOC Sexual Harassment and Retaliation Lawsuit","$30,000",01-15-2020,https://www.eeoc.gov/newsroom/greensboro-zaxbys-owner-pay-30000-settle-eeoc-sexual-harassment-and-retaliation-lawsuit
Case No. 2:18-cv-09007,"Rainbow USA, Inc., to Pay $11,000 to Settle EEOC Pregnancy Discrimination Lawsuit","$11,000",01-10-2020,https://www.eeoc.gov/newsroom/rainbow-usa-inc-pay-11000-settle-eeoc-pregnancy-discrimination-lawsuit
Case No. 2:18-cv-8930,"Imperial Trading to Pay $140,000 to Settle EEOC Disability Discrimination Suit","$140,000",01-10-2020,https://www.eeoc.gov/newsroom/imperial-trading-pay-140000-settle-eeoc-disability-discrimination-suit
Case No. 2:18-cv-01411,"Life Care Centers of America to Pay $170,000  to Settle EEOC Discrimination Lawsuit","$170,000",12-30-2019,https://www.eeoc.gov/newsroom/life-care-centers-america-pay-170000-settle-eeoc-discrimination-lawsuit
Case No. 5:18-cv-817,"United Airlines to Pay $321,000 and Fight Internet Harassment to Settle EEOC Discrimination Suit","$321,000",12-20-2019,https://www.eeoc.gov/newsroom/united-airlines-pay-321000-and-fight-internet-harassment-settle-eeoc-discrimination-suit
Case No. 2:19-cv-00263,"Massey Services Will Pay $63,000 to Settle EEOC Discrimination and Retaliation Lawsuit","$63,000",12-19-2019,https://www.eeoc.gov/newsroom/massey-services-will-pay-63000-settle-eeoc-discrimination-and-retaliation-lawsuit
Case No. 1:18-cv-00170,"Century Care of Laurinburg to Pay $30,000 to Settle EEOC Pregnancy Discrimination Suit","$30,000",12-16-2019,https://www.eeoc.gov/newsroom/century-care-laurinburg-pay-30000-settle-eeoc-pregnancy-discrimination-suit
Case No. 3:17-cv-00439,"Gold, Inc. / Sammy's Gentlemen's Club to Pay $20,000 to Settle EEOC Sex Discrimination Lawsuit","$20,000",12-10-2019,https://www.eeoc.gov/newsroom/gold-inc-sammys-gentlemens-club-pay-20000-settle-eeoc-sex-discrimination-lawsuit
Case No. 1:18-cv-02963,"Laz Parking Will Pay $155,000 to Settle EEOC National Origin Discrimination Suit","$155,000",12-09-2019,https://www.eeoc.gov/newsroom/laz-parking-will-pay-155000-settle-eeoc-national-origin-discrimination-suit
Case No. 3:18-cv-05772,"Titus-Will to Pay $125,000 to Settle EEOC Discrimination Lawsuit","$125,000",12-09-2019,https://www.eeoc.gov/newsroom/titus-will-pay-125000-settle-eeoc-discrimination-lawsuit
Case No. 5:17-cv-05382,"Chipotle to Pay $95,000 to Settle EEOC Sexual Harassment and Retaliation Lawsuit","$95,000",12-04-2019,https://www.eeoc.gov/newsroom/chipotle-pay-95000-settle-eeoc-sexual-harassment-and-retaliation-lawsuit
Case No. 2:18-cv-01122,"DSW Shoe Warehouse to Pay $40,000 to Settle EEOC  Race Discrimination Lawsuit","$40,000",12-03-2019,https://www.eeoc.gov/newsroom/dsw-shoe-warehouse-pay-40000-settle-eeoc-race-discrimination-lawsuit
Case No. 1:19-cv-02581,"Colorado Excavating to Pay $42,500 to Settle EEOC Disability Discrimination Suit","$42,500",11-26-2019,https://www.eeoc.gov/newsroom/colorado-excavating-pay-42500-settle-eeoc-disability-discrimination-suit
Case No. 2:18-cv-05122,"On The Border to Pay $100,000 to Settle Race Harassment Case","$100,000",11-25-2019,https://www.eeoc.gov/newsroom/border-pay-100000-settle-race-harassment-case
Case No. 3:18-cv-1760,Crossmark to Pay $2.65 Million to Settle Disability Lawsuit,$2.65,11-21-2019,https://www.eeoc.gov/newsroom/crossmark-pay-265-million-settle-disability-lawsuit
Case No. 1:18-cv-00170,"Walmart to Pay $80,000 and Implement Nationwide Change in Policy to Settle EEOC Disability Lawsuit","$80,000",11-15-2019,https://www.eeoc.gov/newsroom/walmart-pay-80000-and-implement-nationwide-change-policy-settle-eeoc-disability-lawsuit
Case No. 1:18-cv-00250,"Adecco USA to Pay $49,500 to Settle EEOC Disability Discrimination Suit","$49,500",11-15-2019,https://www.eeoc.gov/newsroom/adecco-usa-pay-49500-settle-eeoc-disability-discrimination-suit
Case No. 6:17-cv-00100,"Dollar General to Pay $70,000 to Settle EEOC  Disability Discrimination Lawsuit","$70,000",11-13-2019,https://www.eeoc.gov/newsroom/dollar-general-pay-70000-settle-eeoc-disability-discrimination-lawsuit
Case No. 1:19-cv-00335,"Verity Property Management to Pay $22,500 to Settle EEOC Discrimination Lawsuit","$22,500",11-03-2019,https://www.eeoc.gov/newsroom/verity-property-management-pay-22500-settle-eeoc-discrimination-lawsuit
Case No. 5:18-cv-00990,La Cantera Resort and Spa to Pay Over $2.5 Million to Settle EEOC National Origin Discrimination Suit,$2.5,10-31-2019,https://www.eeoc.gov/newsroom/la-cantera-resort-and-spa-pay-over-25-million-settle-eeoc-national-origin-discrimination
Case No. 4:18-cv-1856,"Eagle United Truck Wash Will Pay $40,000 to Settle EEOC Racial Harassment and Retaliation Suit","$40,000",10-28-2019,https://www.eeoc.gov/newsroom/eagle-united-truck-wash-will-pay-40000-settle-eeoc-racial-harassment-and-retaliation-suit
Case No. 2:18-cv-00161,"Interim Healthcare to Pay $50,000 to Settle EEOC Equal Pay Lawsuit","$50,000",10-22-2019,https://www.eeoc.gov/newsroom/interim-healthcare-pay-50000-settle-eeoc-equal-pay-lawsuit
Case No. 1:18-cv-05276,"Caribbean Farmers Market to Pay $25,000 to Settle EEOC Sexual Harassment and Constructive Discharge Lawsuit","$25,000",10-16-2019,https://www.eeoc.gov/newsroom/caribbean-farmers-market-pay-25000-settle-eeoc-sexual-harassment-and-constructive
Case No. 2:18-cv-01966,"Arizona Discount Movers to Pay $54,000 to Settle EEOC Racial Harassment Case","$54,000",10-15-2019,https://www.eeoc.gov/newsroom/arizona-discount-movers-pay-54000-settle-eeoc-racial-harassment-case
Case No. 3:18-cv-01736,"Halliburton to Pay $275,000 to Settle National Origin and Religious Discrimination Suit","$275,000",10-08-2019,https://www.eeoc.gov/newsroom/halliburton-pay-275000-settle-national-origin-and-religious-discrimination-suit
Case No. 3:19-cv-08259,"Northern Arizona Orthopedics to Pay $165,000 to Settle EEOC Sex Discrimination and Retaliation Suit","$165,000",10-07-2019,https://www.eeoc.gov/newsroom/northern-arizona-orthopedics-pay-165000-settle-eeoc-sex-discrimination-and-retaliation
Case No. 1:17-cv-00482,"Court Orders Waikiki Sports Bar to Pay Over $250,000 for Sexual Harassment","$250,000",10-04-2019,https://www.eeoc.gov/newsroom/court-orders-waikiki-sports-bar-pay-over-250000-sexual-harassment
Case No. 0:19-cv-02300,"Transport America to Pay $22,500 and Make Program Changes to Settle EEOC Disability Discrimination Suit","$22,500",10-01-2019,https://www.eeoc.gov/newsroom/transport-america-pay-22500-and-make-program-changes-settle-eeoc-disability-discrimination
Case No. 2:18-cv-13795,"Belle Tire Distributors to Pay $55,000 to Settle EEOC Racial Harassment and Retaliation Lawsuit","$55,000",09-24-2019,https://www.eeoc.gov/newsroom/belle-tire-distributors-pay-55000-settle-eeoc-racial-harassment-and-retaliation-lawsuit
Case No. 3:18-cv-00863,"Pacific Sunwear of California to Pay $85,000 to Settle EEOC Disability Discrimination Suit","$85,000",09-20-2019,https://www.eeoc.gov/newsroom/pacific-sunwear-california-pay-85000-settle-eeoc-disability-discrimination-suit
Case No. 3:18-cv-04135,"Mercy Medical Center to Pay $570,000 to Settle EEOC Disability Discrimination Lawsuit","$570,000",09-19-2019,https://www.eeoc.gov/newsroom/mercy-medical-center-pay-570000-settle-eeoc-disability-discrimination-lawsuit
Case No. 4:18-cv-00229,"Exide Technologies to Pay $45,000 to Settle EEOC Disability Discrimination Lawsuit","$45,000",09-18-2019,https://www.eeoc.gov/newsroom/exide-technologies-pay-45000-settle-eeoc-disability-discrimination-lawsuit
Case No. 1:17-cv-00044,Marquez Brothers to Pay $2 Million to Settle EEOC Race Discrimination Suit,$2,09-18-2019,https://www.eeoc.gov/newsroom/marquez-brothers-pay-2-million-settle-eeoc-race-discrimination-suit
Case No. 3:18-cv-01769,"Red Bird Machinery Repair to Pay $22,000 to Settle EEOC Retaliation Lawsuit","$22,000",09-16-2019,https://www.eeoc.gov/newsroom/red-bird-machinery-repair-pay-22000-settle-eeoc-retaliation-lawsuit
Case No. 1:19-cv-00933,"Lexington Treatment / Treatment Centers LLC to Pay $110,000 to Settle EEOC Racial Harassment Lawsuit","$110,000",09-11-2019,https://www.eeoc.gov/newsroom/lexington-treatment-treatment-centers-llc-pay-110000-settle-eeoc-racial-harassment-lawsuit
Case No. 1:17-cv-00862,"Connections CSP Will Pay $550,000 to Settle EEOC Disability Discrimination Suit","$550,000",09-10-2019,https://www.eeoc.gov/newsroom/connections-csp-will-pay-550000-settle-eeoc-disability-discrimination-suit
Case No. 3:18-cv-01786,"Oncor to Pay $50,000 to Settle EEOC Disability Discrimination Suit","$50,000",09-10-2019,https://www.eeoc.gov/newsroom/oncor-pay-50000-settle-eeoc-disability-discrimination-suit
Case No. 4:19-cv-00417,"Tallahassee Memorial Hospital to Pay $375,000 to Settle EEOC Disability Discrimination Suit","$375,000",08-29-2019,https://www.eeoc.gov/newsroom/tallahassee-memorial-hospital-pay-375000-settle-eeoc-disability-discrimination-suit
Case No. 1:18-cv-01188,"A Plus Care Solutions to Pay $200,000 to Settle EEOC Pregnancy Discrimination Lawsuit","$200,000",08-28-2019,https://www.eeoc.gov/newsroom/plus-care-solutions-pay-200000-settle-eeoc-pregnancy-discrimination-lawsuit
Case No. 2:18-cv-0017,"Hirschbach Motor Lines to Pay $40,000 and Cease Discriminatory Screening to Settle EEOC Suit","$40,000",08-22-2019,https://www.eeoc.gov/newsroom/hirschbach-motor-lines-pay-40000-and-cease-discriminatory-screening-settle-eeoc-suit
Case No. 1:17-cv-00444,"Blood Bank of Hawaii to Pay $175,000 to Settle EEOC Discrimination Lawsuit","$175,000",08-20-2019,https://www.eeoc.gov/newsroom/blood-bank-hawaii-pay-175000-settle-eeoc-discrimination-lawsuit
Case No. 1:18-cv-2799,"Wal-Mart Stores East, LP Will Pay $100,000 to Settle EEOC Disability Discrimination Suit","$100,000",08-19-2019,https://www.eeoc.gov/newsroom/wal-mart-stores-east-lp-will-pay-100000-settle-eeoc-disability-discrimination-suit
Case No. 5:18-cv-00463,"SoftPro to Pay $80,000 to Settle EEOC Disability Discrimination Suit","$80,000",08-16-2019,https://www.eeoc.gov/newsroom/softpro-pay-80000-settle-eeoc-disability-discrimination-suit
Case No. 1:17-cv-00231,"Garden Plaza of Greenbriar Cove to Pay $92,000 to Settle EEOC Religious Bias Lawsuit","$92,000",08-13-2019,https://www.eeoc.gov/newsroom/garden-plaza-greenbriar-cove-pay-92000-settle-eeoc-religious-bias-lawsuit
Case No. 1:18-cv-01226,"El Tio Tex-Mex Grill to Pay $40,000 to Settle EEOC Harassment Lawsuit","$40,000",08-09-2019,https://www.eeoc.gov/newsroom/el-tio-tex-mex-grill-pay-40000-settle-eeoc-harassment-lawsuit
Case No. 8:18-cv-02340,"The Glenridge to Pay $70,000 to Settle Pregnancy Discrimination Lawsuit","$70,000",08-09-2019,https://www.eeoc.gov/newsroom/glenridge-pay-70000-settle-pregnancy-discrimination-lawsuit
Case No. 2:18-cv-03008,"Matrix Medical to Pay $150,000 To Settle EEOC Lawsuit for Pregnancy Discrimination","$150,000",08-08-2019,https://www.eeoc.gov/newsroom/matrix-medical-pay-150000-settle-eeoc-lawsuit-pregnancy-discrimination
Case No. 3:18-cv-00198,"Appalachian Wood Products Will Pay $42,500 to Settle EEOC Disability Discrimination Lawsuit","$42,500",08-06-2019,https://www.eeoc.gov/newsroom/appalachian-wood-products-will-pay-42500-settle-eeoc-disability-discrimination-lawsuit
Case No. 1:18-cv-00146,"Vallen Distribution to Pay $75,000 to Settle EEOC Disability Discrimination Suit","$75,000",08-06-2019,https://www.eeoc.gov/newsroom/vallen-distribution-pay-75000-settle-eeoc-disability-discrimination-suit
Case No. 2:17-cv-02725,"American Medical Response of Tennessee, Inc., to Pay $40,000 to Settle EEOC Religious Discrimination Lawsuit","$40,000",07-31-2019,https://www.eeoc.gov/newsroom/american-medical-response-tennessee-inc-pay-40000-settle-eeoc-religious-discrimination
Case No. 3:18-cv-01217,"Tapioca Express to Pay $102,500 to Settle EEOC Sexual Harassment Lawsuit","$102,500",07-29-2019,https://www.eeoc.gov/newsroom/tapioca-express-pay-102500-settle-eeoc-sexual-harassment-lawsuit
Case No. 2:18-cv-10989,"Simplicity Ground Services to Pay $120,000 to Settle EEOC Pregnancy Discrimination Suit","$120,000",07-24-2019,https://www.eeoc.gov/newsroom/simplicity-ground-services-pay-120000-settle-eeoc-pregnancy-discrimination-suit
Case No. 3:18-cv-01524,"G2 Corporation to Pay $55,000 to Settle EEOC Sex Harassment Suit","$55,000",07-24-2019,https://www.eeoc.gov/newsroom/g2-corporation-pay-55000-settle-eeoc-sex-harassment-suit
Case No. 1:18-cv-01609,"AMI Mechanical to Pay $82,500 to Settle EEOC National Origin, Color and Retaliation Lawsuit","$82,500",07-23-2019,https://www.eeoc.gov/newsroom/ami-mechanical-pay-82500-settle-eeoc-national-origin-color-and-retaliation-lawsuit
Case No. 1:18-cv-23938,"Blackwater Protection & Detective Agency  To Pay $35,000 to Settle EEOC Sexual Harassment and Retaliation Lawsuit","$35,000",07-18-2019,https://www.eeoc.gov/newsroom/blackwater-protection-detective-agency-pay-35000-settle-eeoc-sexual-harassment-and
Case No. 4:19-cv-00824,"Party City to Pay $39,000 To Settle EEOC Pregnancy and Disability Discrimination Suit","$39,000",07-12-2019,https://www.eeoc.gov/newsroom/party-city-pay-39000-settle-eeoc-pregnancy-and-disability-discrimination-suit
Case No. 1:18-cv-03095,"Kroger to Pay $40,000 to Settle EEOC Disability Discrimination Lawsuit","$40,000",07-08-2019,https://www.eeoc.gov/newsroom/kroger-pay-40000-settle-eeoc-disability-discrimination-lawsuit
Case No. 2:18-cv-10523,"Memorial Healthcare to Pay $74,418 to Settle EEOC Religious Discrimination Lawsuit","$74,418",06-25-2019,https://www.eeoc.gov/newsroom/memorial-healthcare-pay-74418-settle-eeoc-religious-discrimination-lawsuit
Case No. 2:18-cv-2058,"International Staffing Company to Pay $50,000 to Settle EEOC Sexual Harassment Lawsuit","$50,000",06-17-2019,https://www.eeoc.gov/newsroom/international-staffing-company-pay-50000-settle-eeoc-sexual-harassment-lawsuit
Case No. 4:18-cv-00034,"Alaska Gold Mine to Pay $690,000 to Settle EEOC Sex Discrimination and Retaliation Lawsuit","$690,000",06-13-2019,https://www.eeoc.gov/newsroom/alaska-gold-mine-pay-690000-settle-eeoc-sex-discrimination-and-retaliation-lawsuit
Case No. 3:17-cv-00538,"L-3 Communications to Pay $75,000 to Settle EEOC Disability Discrimination Lawsuit","$75,000",06-11-2019,https://www.eeoc.gov/newsroom/l-3-communications-pay-75000-settle-eeoc-disability-discrimination-lawsuit
Case No. 5:17-cv-01355,"Time Warner Cable and Charter Communications to Pay $99,500 to Settle EEOC Disability Lawsuit","$99,500",05-30-2019,https://www.eeoc.gov/newsroom/time-warner-cable-and-charter-communications-pay-99500-settle-eeoc-disability-lawsuit
Case No. 3:17-cv-01520,"Scribe-X Northwest to Pay $80,000 to Settle EEOC Pregnancy Discrimination Lawsuit","$80,000",05-28-2019,https://www.eeoc.gov/newsroom/scribe-x-northwest-pay-80000-settle-eeoc-pregnancy-discrimination-lawsuit
Case No. 1:17-cv-06803,"Lakeshore Sport and Fitness to Pay $45,000 To Settle EEOC Harassment and Retaliation Lawsuit","$45,000",05-24-2019,https://www.eeoc.gov/newsroom/lakeshore-sport-and-fitness-pay-45000-settle-eeoc-harassment-and-retaliation-lawsuit
Case No. 3:18-cv-02641,"Kaydon Corporation to Pay $38,000 to Settle EEOC Disability Lawsuit","$38,000",05-22-2019,https://www.eeoc.gov/newsroom/kaydon-corporation-pay-38000-settle-eeoc-disability-lawsuit
Case No. 4:19-cv-00263,"Arizona Health Companies to Pay $545,000 to Settle EEOC Disability and Pregnancy Discrimination Suit","$545,000",05-17-2019,https://www.eeoc.gov/newsroom/arizona-health-companies-pay-545000-settle-eeoc-disability-and-pregnancy-discrimination
Case No. 2:18-cv-2398,"Kansas School District to Pay $11,250 to Settle Equal Pay Act Lawsuit","$11,250",05-16-2019,https://www.eeoc.gov/newsroom/kansas-school-district-pay-11250-settle-equal-pay-act-lawsuit
Case No. 4:18-cv-01570,"Pilgrim's Pride to Pay $50,000 to Settle EEOC Disability Discrimination Lawsuit","$50,000",05-16-2019,https://www.eeoc.gov/newsroom/pilgrims-pride-pay-50000-settle-eeoc-disability-discrimination-lawsuit
Case No. 2:18-cv-02942,"Corizon Health / Corizon LLC to Pay $950,000 to Settle Nationwide EEOC Disability Discrimination Lawsuit","$950,000",05-16-2019,https://www.eeoc.gov/newsroom/corizon-health-corizon-llc-pay-950000-settle-nationwide-eeoc-disability-discrimination
Case No. 1:18-cv-00371,"Master Marine to Pay $30,000 to Settle EEOC Retaliation Lawsuit","$30,000",05-16-2019,https://www.eeoc.gov/newsroom/master-marine-pay-30000-settle-eeoc-retaliation-lawsuit
Case No. 1:17-cv-01291,"Pape Material Handling to Pay $650,000 to Settle EEOC National Origin Harassment Lawsuit","$650,000",05-14-2019,https://www.eeoc.gov/newsroom/pape-material-handling-pay-650000-settle-eeoc-national-origin-harassment-lawsuit
Case No. 1:18-cv-00338,"Ashley Distribution Services to Pay $75,000 to Settle EEOC Disability Discrimination Suit","$75,000",05-09-2019,https://www.eeoc.gov/newsroom/ashley-distribution-services-pay-75000-settle-eeoc-disability-discrimination-suit
Case No. 4:17-cv-627,"Crain Automotive Holdings to Pay $27,100 to Settle EEOC Disability Discrimination Lawsuit","$27,100",04-30-2019,https://www.eeoc.gov/newsroom/crain-automotive-holdings-pay-27100-settle-eeoc-disability-discrimination-lawsuit
Case No. 1:18-cv-00085,"Cooper Machine Company to Pay $20,000 to Settle Disability Discrimination Lawsuit","$20,000",04-25-2019,https://www.eeoc.gov/newsroom/cooper-machine-company-pay-20000-settle-disability-discrimination-lawsuit
Case No. 1:18-cv-00145,"Golden Corral to Pay $31,000 to Settle EEOC Disability Discrimination Suit","$31,000",04-23-2019,https://www.eeoc.gov/newsroom/golden-corral-pay-31000-settle-eeoc-disability-discrimination-suit
Case No. 3:17-cv-01582,"Atlas Energy Group to Pay $85,000 to Settle EEOC Age Discrimination Suit","$85,000",04-22-2019,https://www.eeoc.gov/newsroom/atlas-energy-group-pay-85000-settle-eeoc-age-discrimination-suit
Case No. 1:18-cv-00838,"Party City to Pay $155,000 to Settle EEOC Disability Discrimination Lawsuit","$155,000",04-22-2019,https://www.eeoc.gov/newsroom/party-city-pay-155000-settle-eeoc-disability-discrimination-lawsuit
Case No. 2:18-cv-01352,"Safeway to Pay $75,000 to Settle EEOC Disability Discrimination Lawsuit","$75,000",04-19-2019,https://www.eeoc.gov/newsroom/safeway-pay-75000-settle-eeoc-disability-discrimination-lawsuit
Case No. 1:18-cv-00978,"Saint Thomas Health to Pay $75,000 to Settle EEOC Religious Discrimination Suit","$75,000",04-18-2019,https://www.eeoc.gov/newsroom/saint-thomas-health-pay-75000-settle-eeoc-religious-discrimination-suit
Case No. 3:18-cv-900,"Fanatics Retail Group Fulfillment to Pay $322,050 to Settle EEOC Race Discrimination, Harassment and Retaliation Lawsuit","$322,050",04-17-2019,https://www.eeoc.gov/newsroom/fanatics-retail-group-fulfillment-pay-322050-settle-eeoc-race-discrimination-harassment
Case No. 6:18-cv-00338,"Pulmonary Specialists of Tyler and Sleep Health to Pay $30,000 to Settle EEOC Disability Discrimination Lawsuit","$30,000",04-16-2019,https://www.eeoc.gov/newsroom/pulmonary-specialists-tyler-and-sleep-health-pay-30000-settle-eeoc-disability
Case No. 1:18-cv-01753,"Fastenal Company to Pay $50,000 to Settle EEOC Pay Discrimination Lawsuit","$50,000",04-15-2019,https://www.eeoc.gov/newsroom/fastenal-company-pay-50000-settle-eeoc-pay-discrimination-lawsuit
Case No. 5:18-cv-00165,"PruittHealth-Raleigh to Pay $25,000 to Settle EEOC Pregnancy Discrimination Suit","$25,000",04-11-2019,https://www.eeoc.gov/newsroom/pruitthealth-raleigh-pay-25000-settle-eeoc-pregnancy-discrimination-suit
Case No. 1:18-cv-00150,"Arby's Franchisee, Beavers, to Pay $84,000 to Settle EEOC Suit for Sexual Harassment of Teen Workers","$84,000",04-10-2019,https://www.eeoc.gov/newsroom/arbys-franchisee-beavers-pay-84000-settle-eeoc-suit-sexual-harassment-teen-workers
Case No. 1:18-cv-02498,"JBS Carriers to Pay $250,000 and not Resume ErgoMed Screening to Settle EEOC Discrimination Suit","$250,000",04-04-2019,https://www.eeoc.gov/newsroom/jbs-carriers-pay-250000-and-not-resume-ergomed-screening-settle-eeoc-discrimination-suit
Case No. 9:18-cv-00912,"South Carolina Waste Company to Pay $32,500 to Settle EEOC Sex Discrimination Suit","$32,500",04-02-2019,https://www.eeoc.gov/newsroom/south-carolina-waste-company-pay-32500-settle-eeoc-sex-discrimination-suit
Case No. 4:19-cv-00052,"Masterbuilt to Pay $60,000 to Settle EEOC Disability Discrimination Suit","$60,000",04-02-2019,https://www.eeoc.gov/newsroom/masterbuilt-pay-60000-settle-eeoc-disability-discrimination-suit
Case No. 3:17-cv-01306,"Cummins, Inc. to Pay $77,500 to Settle EEOC Pay Discrimination Lawsuit","$77,500",04-01-2019,https://www.eeoc.gov/newsroom/cummins-inc-pay-77500-settle-eeoc-pay-discrimination-lawsuit
Case No. 1:18-cv-07598,"HELP USA to Pay $150,000 to Settle EEOC Sex Harassment Suit","$150,000",03-28-2019,https://www.eeoc.gov/newsroom/help-usa-pay-150000-settle-eeoc-sex-harassment-suit
Case No. 8:18-cv-02535,"Protocall Communications, Inc. to Pay $31,000 to Settle EEOC Disability Discrimination Lawsuit","$31,000",03-26-2019,https://www.eeoc.gov/newsroom/protocall-communications-inc-pay-31000-settle-eeoc-disability-discrimination-lawsuit
Case No. 3:17-cv-01229,"Mid South Extrusion to Pay $70,000 to Settle EEOC Disability Discrimination Lawsuit","$70,000",03-26-2019,https://www.eeoc.gov/newsroom/mid-south-extrusion-pay-70000-settle-eeoc-disability-discrimination-lawsuit
Case No. 1:18-cv-00823,"Premier Employee Solutions to Pay $34,000 to Settle EEOC Sexual Harassment Lawsuit","$34,000",03-26-2019,https://www.eeoc.gov/newsroom/premier-employee-solutions-pay-34000-settle-eeoc-sexual-harassment-lawsuit
Case No. 1:17-cv-07659,"Friedman Realty Group to Pay $60,000 to Settle EEOC Pregnancy Discrimination Suit","$60,000",03-15-2019,https://www.eeoc.gov/newsroom/friedman-realty-group-pay-60000-settle-eeoc-pregnancy-discrimination-suit
Case No. 2:18-cv-00837,"Sys-con, LLC to Pay $70,000 to Settle Sexual Harassment Lawsuit","$70,000",03-11-2019,https://www.eeoc.gov/newsroom/sys-con-llc-pay-70000-settle-sexual-harassment-lawsuit
Case No. 3:17-cv-336,"Asurion to Pay $50,000 to Settle EEOC Disability Discrimination Lawsuit","$50,000",03-11-2019,https://www.eeoc.gov/newsroom/asurion-pay-50000-settle-eeoc-disability-discrimination-lawsuit
Case No. 1:17-cv-00129,"CRST to Pay $47,500 to Settle EEOC Disability Discrimination and Retaliation Lawsuit","$47,500",03-06-2019,https://www.eeoc.gov/newsroom/crst-pay-47500-settle-eeoc-disability-discrimination-and-retaliation-lawsuit
Case No. 1:18-cv-02525,"Stanley Black & Decker Will Pay $140,000 to Settle EEOC Disability Discrimination Suit","$140,000",03-05-2019,https://www.eeoc.gov/newsroom/stanley-black-decker-will-pay-140000-settle-eeoc-disability-discrimination-suit
Case No. 2:17-cv-02458,"Pancake Chain IHOP to Pay $700,000 to Settle Sexual Harassment and Retaliation Lawsuit","$700,000",02-20-2019,https://www.eeoc.gov/newsroom/pancake-chain-ihop-pay-700000-settle-sexual-harassment-and-retaliation-lawsuit
Case No. 3:12-cv-491,City of Jacksonville Agrees to Pay $4.9 Million to Settle Class Race Discrimination Lawsuit,$4.9,02-14-2019,https://www.eeoc.gov/newsroom/city-jacksonville-agrees-pay-49-million-settle-class-race-discrimination-lawsuit
Case No. 1:18-cv-02319,"Park School of Baltimore Will Pay $41,000 to Settle EEOC Sex Discrimination Suit","$41,000",02-12-2019,https://www.eeoc.gov/newsroom/park-school-baltimore-will-pay-41000-settle-eeoc-sex-discrimination-suit
Case No. 2:18-cv-04167,"Llanerch Country Club to Pay $30,000 to Settle EEOC Age Discrimination Lawsuit","$30,000",02-12-2019,https://www.eeoc.gov/newsroom/llanerch-country-club-pay-30000-settle-eeoc-age-discrimination-lawsuit
Case No. 1:17-cv-11860,"Atlantic Capes Fisheries & BJ's Service Co. to Pay $675,000 to Settle EEOC Sex Harassment and Retaliation Lawsuit","$675,000",01-30-2019,https://www.eeoc.gov/newsroom/atlantic-capes-fisheries-bjs-service-co-pay-675000-settle-eeoc-sex-harassment-and
Case No. 2:17-cv-02717,"Flash Market to Pay $100,000 to Settle EEOC Sexual Harassment and Retaliation Lawsuit","$100,000",01-29-2019,https://www.eeoc.gov/newsroom/flash-market-pay-100000-settle-eeoc-sexual-harassment-and-retaliation-lawsuit
Case No. 1:15-cv-01091,"Maryland Insurance Administration to Pay $36,802 to Settle EEOC Equal Pay Act Suit","$36,802",01-28-2019,https://www.eeoc.gov/newsroom/maryland-insurance-administration-pay-36802-settle-eeoc-equal-pay-act-suit
Case No. 1:15-cv-04141,UPS to Pay $4.9 Million to Settle EEOC Religious Discrimination Suit,$4.9,12-21-2018,https://www.eeoc.gov/newsroom/ups-pay-49-million-settle-eeoc-religious-discrimination-suit
Case No. 2:18-cv-00133,"Rocco's Pub to Pay $15,500 to Settle EEOC Pregnancy Discrimination Suit","$15,500",12-18-2018,https://www.eeoc.gov/newsroom/roccos-pub-pay-15500-settle-eeoc-pregnancy-discrimination-suit
Case No. 4:17-cv-00136,"Harborview Senior Care Properties to Pay $21,000 to Settle EEOC Disability Suit","$21,000",12-17-2018,https://www.eeoc.gov/newsroom/harborview-senior-care-properties-pay-21000-settle-eeoc-disability-suit
Case No. 1:15-cv-877,"Draper Development LLC to Pay $80,000 to Settle EEOC Sexual Harassment Suit","$80,000",12-11-2018,https://www.eeoc.gov/newsroom/draper-development-llc-pay-80000-settle-eeoc-sexual-harassment-suit
Case No. 1:18-cv-00269,"Master Marine to Pay $102,000 to Settle EEOC Same-Sex Harassment & Race Discrimination Lawsuit","$102,000",11-30-2018,https://www.eeoc.gov/newsroom/master-marine-pay-102000-settle-eeoc-same-sex-harassment-race-discrimination-lawsuit
Case No. 3:18-cv-0654,"Merritt Hospitality to Pay $125,000 to Settle EEOC Lawsuit","$125,000",11-29-2018,https://www.eeoc.gov/newsroom/merritt-hospitality-pay-125000-settle-eeoc-lawsuit
Case No. 1:18-cv-00169,"Murex Petroleum Corp. to Pay $50,000 to Settle EEOC Racial Harassment Lawsuit","$50,000",11-21-2018,https://www.eeoc.gov/newsroom/murex-petroleum-corp-pay-50000-settle-eeoc-racial-harassment-lawsuit
Case No. 3:17-cv-00777,"GB Flowood Operations to Pay $25,000 To Settle EEOC Religious Discrimination Lawsuit","$25,000",11-07-2018,https://www.eeoc.gov/newsroom/gb-flowood-operations-pay-25000-settle-eeoc-religious-discrimination-lawsuit
Case No. 5:17-cv-00494,"Whole Foods Market to Pay $65,000 To Settle EEOC Disability Suit","$65,000",11-05-2018,https://www.eeoc.gov/newsroom/whole-foods-market-pay-65000-settle-eeoc-disability-suit
Case No. 1:18-cv-00063,"MPW Industrial Services to Pay $170,000 To Settle EEOC Race Discrimination Lawsuit","$170,000",10-25-2018,https://www.eeoc.gov/newsroom/mpw-industrial-services-pay-170000-settle-eeoc-race-discrimination-lawsuit
Case No. 1:18-cv-01020,"Absolut Care to Pay $465,000 To Settle EEOC Pregnancy and Disability Discrimination Suit","$465,000",10-22-2018,https://www.eeoc.gov/newsroom/absolut-care-pay-465000-settle-eeoc-pregnancy-and-disability-discrimination-suit
Case No. 1:17-cv-00175,"Floyd&#39;s Equipment to Pay $25,000 To Settle EEOC Racial Discrimination and Retaliation Lawsuit","$25,000",10-16-2018,https://www.eeoc.gov/newsroom/floyds-equipment-pay-25000-settle-eeoc-racial-discrimination-and-retaliation-lawsuit
Case No. 1:16-cv-02386,Sherwood Food Distributors to Pay $3.6 Million And Offer 150 Jobs To Settle EEOC Class Sex Discrimination Lawsuit,$3.6,10-16-2018,https://www.eeoc.gov/newsroom/sherwood-food-distributors-pay-36-million-and-offer-150-jobs-settle-eeoc-class-sex
Case No. 3:17-cv-02004,"Triton Management Services to Pay $110,000 To Settle EEOC Disability Lawsuit","$110,000",10-10-2018,https://www.eeoc.gov/newsroom/triton-management-services-pay-110000-settle-eeoc-disability-lawsuit
Case No. 8:17-cv-2879,"B.F. Saul Companies, Hospitality Group to Pay $210,000 To Settle EEOC Disability Discrimination Suit","$210,000",09-14-2018,https://www.eeoc.gov/newsroom/bf-saul-companies-hospitality-group-pay-210000-settle-eeoc-disability-discrimination-suit
Case No. 4:17-cv-809,"Kessinger Hunter Management to Pay $50,000 to Settle EEOC Disability Discrimination Lawsuit","$50,000",08-31-2018,https://www.eeoc.gov/newsroom/kessinger-hunter-management-pay-50000-settle-eeoc-disability-discrimination-lawsuit
Case No. 1:17-cv-23550,"Autonation-Owned Dealerships to Pay $150,000 To Settle EEOC Gender Discrimination Lawsuit","$150,000",08-22-2018,https://www.eeoc.gov/newsroom/autonation-owned-dealerships-pay-150000-settle-eeoc-gender-discrimination-lawsuit
Case No. 2:17-cv-499,"Massimo Zanetti Beverage to Pay $65,000 To Settle EEOC Sex Harassment and Retaliation Lawsuit","$65,000",08-20-2018,https://www.eeoc.gov/newsroom/massimo-zanetti-beverage-pay-65000-settle-eeoc-sex-harassment-and-retaliation-lawsuit
Case No. 3:18-cv-00116,"Las Trancas Restaurant to Pay $66,598 To Settle  EEOC Sexual Harassment and Retaliation Lawsuit","$66,598",08-09-2018,https://www.eeoc.gov/newsroom/las-trancas-restaurant-pay-66598-settle-eeoc-sexual-harassment-and-retaliation-lawsuit
Case No. 1:17-cv-21446,"SLS Hotel to Pay $2.5 Million To Settle EEOC Race, Color, National Origin Lawsuit",$2.5,07-30-2018,https://www.eeoc.gov/newsroom/sls-hotel-pay-25-million-settle-eeoc-race-color-national-origin-lawsuit
Case No. 3:17-cv-00678,"California Farm to Pay $300,000 To Settle EEOC Sexual Harassment & Retaliation Lawsuit","$300,000",07-25-2018,https://www.eeoc.gov/newsroom/california-farm-pay-300000-settle-eeoc-sexual-harassment-retaliation-lawsuit
Case No. 4:15-cv-00037,"Cudd Energy Services to Pay $39,900 To Settle EEOC Racial Harassment And Retaliation Lawsuit","$39,900",07-20-2018,https://www.eeoc.gov/newsroom/cudd-energy-services-pay-39900-settle-eeoc-racial-harassment-and-retaliation-lawsuit
Case No. 3:17-cv-1002,Two IHOP Restaurants to Pay Nearly $1 Million to Settle EEOC Sexual Harassment Suit,$1,07-19-2018,https://www.eeoc.gov/newsroom/two-ihop-restaurants-pay-nearly-1-million-settle-eeoc-sexual-harassment-suit
Case No. 2:17-cv-03897,Estée Lauder Companies to Pay $1.1 Million to Settle EEOC Class Sex Discrimination Lawsuit,$1.1,07-17-2018,https://www.eeoc.gov/newsroom/estee-lauder-companies-pay-11-million-settle-eeoc-class-sex-discrimination-lawsuit
Case No. 4:17-cv-01150,"Applebee's Grill and Bar to Pay $75,000 To Settle EEOC Sexual Harassment Lawsuit","$75,000",07-17-2018,https://www.eeoc.gov/newsroom/applebees-grill-and-bar-pay-75000-settle-eeoc-sexual-harassment-lawsuit
Case No. 2:16-cv-1208,"Scion Dental to Pay $98,000 to Settle EEOC Race Discrimination Suit","$98,000",07-16-2018,https://www.eeoc.gov/newsroom/scion-dental-pay-98000-settle-eeoc-race-discrimination-suit
Case No. 3:17-cv-535,"Golden Corral Franchisee to Pay $85,000 to Settle  EEOC Disability and Sex Harassment Lawsuit","$85,000",07-13-2018,https://www.eeoc.gov/newsroom/golden-corral-franchisee-pay-85000-settle-eeoc-disability-and-sex-harassment-lawsuit
Case No. 4:17-cv-387,"TrueCore Behavioral Solutions to Pay $38,000 To Settle EEOC Equal Pay and Title VII Lawsuit","$38,000",07-06-2018,https://www.eeoc.gov/newsroom/truecore-behavioral-solutions-pay-38000-settle-eeoc-equal-pay-and-title-vii-lawsuit
Case No. 1:17-cv-04017,"Jones Lang LaSalle Americas to Pay $82,500 to Settle EEOC Disability Discrimination Suit","$82,500",07-03-2018,https://www.eeoc.gov/newsroom/jones-lang-lasalle-americas-pay-82500-settle-eeoc-disability-discrimination-suit
Case No. 1:17-cv-01084,"Camber Corporation to Pay $100,000 to Settle EEOC Disability and Age Discrimination Suit","$100,000",07-02-2018,https://www.eeoc.gov/newsroom/camber-corporation-pay-100000-settle-eeoc-disability-and-age-discrimination-suit
Case No. 3:17-cv-03731,CSX Transportation to Pay $3.2 Million To Settle  EEOC Disparate Impact Sex Discrimination Case,$3.2,06-13-2018,https://www.eeoc.gov/newsroom/csx-transportation-pay-32-million-settle-eeoc-disparate-impact-sex-discrimination-case
Case No. 2:18-cv-00954,Nevada Restaurant Services to Pay $3.5 Million To Settle EEOC Disability Discrimination Lawsuit,$3.5,06-06-2018,https://www.eeoc.gov/newsroom/nevada-restaurant-services-pay-35-million-settle-eeoc-disability-discrimination-lawsuit
Case No. 1:16-cv-02471,University of Denver to Pay $2.66 Million and Increase Salaries to Settle EEOC Equal Pay Lawsuit,$2.66,06-01-2018,https://www.eeoc.gov/newsroom/university-denver-pay-266-million-and-increase-salaries-settle-eeoc-equal-pay-lawsuit
Case No. 1:17-cv-3426,"St. Vincent Hospital to Pay $15,000 to Settle EEOC Disability Discrimination Lawsuit","$15,000",05-30-2018,https://www.eeoc.gov/newsroom/st-vincent-hospital-pay-15000-settle-eeoc-disability-discrimination-lawsuit
Case No. 1:17-cv-00067,"Discovering Hidden Hawaii Tours to Pay $570,000 To Settle EEOC Male-On-Male Sexual Harassment Suit","$570,000",05-30-2018,https://www.eeoc.gov/newsroom/discovering-hidden-hawaii-tours-pay-570000-settle-eeoc-male-male-sexual-harassment-suit
Case No. 4:16-cv-04131,"M.G. Oil (Happy Jack's Casino) to Pay $45,000 to Settle EEOC Disability Discrimination Case","$45,000",05-18-2018,https://www.eeoc.gov/newsroom/mg-oil-happy-jacks-casino-pay-45000-settle-eeoc-disability-discrimination-case
Case No. 1:17-cv-02298,"Hertz to Pay $45,000 to Settle EEOC Disability Discrimination Lawsuit","$45,000",04-18-2018,https://www.eeoc.gov/newsroom/hertz-pay-45000-settle-eeoc-disability-discrimination-lawsuit
Case No. 1:17-cv-01980,"Capstone Logistics to Pay $50,000 To Settle EEOC Disability Discrimination Suit","$50,000",04-06-2018,https://www.eeoc.gov/newsroom/capstone-logistics-pay-50000-settle-eeoc-disability-discrimination-suit
Case No. 2:17-cv-00210,"Stemilt Growers and AG Services to Pay $95,000 To Settle EEOC Harassment, Retaliation Suit","$95,000",04-03-2018,https://www.eeoc.gov/newsroom/stemilt-growers-and-ag-services-pay-95000-settle-eeoc-harassment-retaliation-suit
Case No. 3:16-cv-00240,"Salvation Army to Pay $55,000 To Settle EEOC Disability Discrimination Lawsuit","$55,000",04-03-2018,https://www.eeoc.gov/newsroom/salvation-army-pay-55000-settle-eeoc-disability-discrimination-lawsuit
Case No. 2:17-cv-00063,"Mine Rite Technologies to Pay $75,000  To Settle EEOC Disability Suit","$75,000",03-23-2018,https://www.eeoc.gov/newsroom/mine-rite-technologies-pay-75000-settle-eeoc-disability-suit
Case No. 4:17-cv-13466,"Professional Endodontics to Pay $47,000 to Settle EEOC Age Discrimination Suit","$47,000",03-15-2018,https://www.eeoc.gov/newsroom/professional-endodontics-pay-47000-settle-eeoc-age-discrimination-suit
Case No. 2:17-cv-04346,"Aqua Resources to Pay $150,000 to Settle EEOC Racial Harassment and Retaliation Suit","$150,000",02-01-2018,https://www.eeoc.gov/newsroom/aqua-resources-pay-150000-settle-eeoc-racial-harassment-and-retaliation-suit
Case No. 3:17-cv-000340,"Kentucky Fried Chicken Franchise to Pay $30,000 To Settle EEOC Disability Discrimination Suit","$30,000",02-01-2018,https://www.eeoc.gov/newsroom/kentucky-fried-chicken-franchise-pay-30000-settle-eeoc-disability-discrimination-suit
Case No. 2:17-cv-1147,"Silverado to Pay $80,000 to Settle EEOC Pregnancy Discrimination Lawsuit","$80,000",01-29-2018,https://www.eeoc.gov/newsroom/silverado-pay-80000-settle-eeoc-pregnancy-discrimination-lawsuit
Case No. 2:16-cv-13540,"Greektown Casino to Pay $140,000 To  Settle EEOC Disability Discrimination Suit","$140,000",01-24-2018,https://www.eeoc.gov/newsroom/greektown-casino-pay-140000-settle-eeoc-disability-discrimination-suit
Case No. 3:17-cv-02436,"Security Services Company to Pay $90,000 To Settle EEOC Religious Discrimination Suit","$90,000",01-23-2018,https://www.eeoc.gov/newsroom/security-services-company-pay-90000-settle-eeoc-religious-discrimination-suit
Case No. 1:17-cv-01083,"Vador Ventures to Pay $36,000 To Settle  EEOC Equal Pay and Retaliation Suit","$36,000",01-17-2018,https://www.eeoc.gov/newsroom/vador-ventures-pay-36000-settle-eeoc-equal-pay-and-retaliation-suit
Case No. 1:17-cv-00016,"Pioneer Health Services to Pay $85,000 To Settle  EEOC Disability Discrimination Suit","$85,000",01-10-2018,https://www.eeoc.gov/newsroom/pioneer-health-services-pay-85000-settle-eeoc-disability-discrimination-suit
Case No. 1:16-cv-00521,"Aloha Auto Group to Pay $30,000 To Settle  EEOC Retaliation Suit","$30,000",01-10-2018,https://www.eeoc.gov/newsroom/aloha-auto-group-pay-30000-settle-eeoc-retaliation-suit
Case No. 3:15-cv-00590,"Indi's Fast Food Restaurant to Pay $340,000 To Settle EEOC Sexual Harassment Lawsuit","$340,000",01-08-2018,https://www.eeoc.gov/newsroom/indis-fast-food-restaurant-pay-340000-settle-eeoc-sexual-harassment-lawsuit
Case No. 2:10-cv-02088,"GEO Group to Pay $550,000 To Settle EEOC Sexual Harassment and Retaliation Lawsuit","$550,000",01-08-2018,https://www.eeoc.gov/newsroom/geo-group-pay-550000-settle-eeoc-sexual-harassment-and-retaliation-lawsuit
Case No. 1:16-cv-02277,"Montrose Memorial Hospital to Pay $400,000 To Settle EEOC Age Discrimination Lawsuit","$400,000",01-04-2018,https://www.eeoc.gov/newsroom/montrose-memorial-hospital-pay-400000-settle-eeoc-age-discrimination-lawsuit
Case No. 8:17-cv-02316,"Dependable Health Services to Pay $38,000 to Settle EEOC Disability Discrimination Suit","$38,000",12-22-2017,https://www.eeoc.gov/newsroom/dependable-health-services-pay-38000-settle-eeoc-disability-discrimination-suit
Case No. 1:16-cv-00428,"Rocky Mountain Casing Crews to Pay $70,000  For Sexual Harassment","$70,000",12-20-2017,https://www.eeoc.gov/newsroom/rocky-mountain-casing-crews-pay-70000-sexual-harassment
Case No. 1:17-cv-00200,"Trinity Hospital to Pay $95,000 To Settle EEOC Pregnancy Discrimination Suit","$95,000",12-20-2017,https://www.eeoc.gov/newsroom/trinity-hospital-pay-95000-settle-eeoc-pregnancy-discrimination-suit
Case No. 3:15-cv-03157,"AccentCare to Pay $25,000 To Settle EEOC Disability Discrimination Suit","$25,000",12-01-2017,https://www.eeoc.gov/newsroom/accentcare-pay-25000-settle-eeoc-disability-discrimination-suit
Case No. 3:16-cv-2410,"Community Pharmacy to Pay $60,000 To Settle  Equal Pay Discrimination Suit","$60,000",11-13-2017,https://www.eeoc.gov/newsroom/community-pharmacy-pay-60000-settle-equal-pay-discrimination-suit
Case No. 0:17-cv-60970,"Ruby Tuesday to Pay $45,000 to Settle EEOC Age Discrimination Suit","$45,000",10-26-2017,https://www.eeoc.gov/newsroom/ruby-tuesday-pay-45000-settle-eeoc-age-discrimination-suit
Case No. 1:16-cv-01395,"Dash Dream Plant to Pay $110,000 to Settle EEOC Pregnancy Lawsuit","$110,000",10-16-2017,https://www.eeoc.gov/newsroom/dash-dream-plant-pay-110000-settle-eeoc-pregnancy-lawsuit
Case No. 5:13-cv-00189,"River Region Medical Center to Pay $100,000 To Settle EEOC Disability Discrimination Suit","$100,000",09-13-2017,https://www.eeoc.gov/newsroom/river-region-medical-center-pay-100000-settle-eeoc-disability-discrimination-suit
Case No. 2:15-cv-01909,"Private Prison GEO Group to Pay $60,000 To Settle EEOC Sexual Harassment And Retaliation Lawsuit","$60,000",08-25-2017,https://www.eeoc.gov/newsroom/private-prison-geo-group-pay-60000-settle-eeoc-sexual-harassment-and-retaliation-lawsuit
Case No. 4:16-cv-00180,"Chemtrusion to Pay $145,000 to Settle EEOC Class Disability Discrimination Case","$145,000",07-21-2017,https://www.eeoc.gov/newsroom/chemtrusion-pay-145000-settle-eeoc-class-disability-discrimination-case
Case No. 1:16-cv-02477,"Paolo's Ristorante to Pay $50,000 To Settle EEOC Sexual Orientation Discrimination Lawsuit","$50,000",07-05-2017,https://www.eeoc.gov/newsroom/paolos-ristorante-pay-50000-settle-eeoc-sexual-orientation-discrimination-lawsuit
Case No. 2:16-cv-02848,"Scottsdale Car Dealership to Pay $45,000 To Settle  Disability Discrimination Lawsuit","$45,000",06-08-2017,https://www.eeoc.gov/newsroom/scottsdale-car-dealership-pay-45000-settle-disability-discrimination-lawsuit
Case No. 1:14-cv-663,"Wisconsin Plastics to Pay $475,000 To Settle  EEOC National Origin Discrimination Lawsuit","$475,000",05-26-2017,https://www.eeoc.gov/newsroom/wisconsin-plastics-pay-475000-settle-eeoc-national-origin-discrimination-lawsuit
Case No. 4:16-cv-03714,"Carolina Creek to Pay $70,000 to Settle EEOC Pregnancy and Disability Discrimination Suit","$70,000",05-17-2017,https://www.eeoc.gov/newsroom/carolina-creek-pay-70000-settle-eeoc-pregnancy-and-disability-discrimination-suit
Case No. 1:16-cv-4118,"El Chaparro to Pay $20,000 to Settle EEOC Sexual Harassment Suit","$20,000",05-08-2017,https://www.eeoc.gov/newsroom/el-chaparro-pay-20000-settle-eeoc-sexual-harassment-suit
Case No. 1:17-cv-01791,"Education Company to Pay $57,000 to Settle EEOC Sex Discrimination Suit","$57,000",05-08-2017,https://www.eeoc.gov/newsroom/education-company-pay-57000-settle-eeoc-sex-discrimination-suit
Case No. 1:16-cv-01429,"Hiatt & Mason Enterprises to Pay $35,000 to Settle EEOC Racial Harassment Lawsuit","$35,000",04-27-2017,https://www.eeoc.gov/newsroom/hiatt-mason-enterprises-pay-35000-settle-eeoc-racial-harassment-lawsuit
Case No. 4:16-cv-00925,"Kansas City Cabinetmaker to Pay $60,000 to Settle EEOC Race Discrimination Suit","$60,000",04-25-2017,https://www.eeoc.gov/newsroom/kansas-city-cabinetmaker-pay-60000-settle-eeoc-race-discrimination-suit
Case No. 1:15-cv-22777,"IDEX Corporation to Pay $380,000  to Settle EEOC Disability Discrimination Lawsuit","$380,000",04-19-2017,https://www.eeoc.gov/newsroom/idex-corporation-pay-380000-settle-eeoc-disability-discrimination-lawsuit
Case No. 5:16-cv-00187,"ABL Management to Pay $35,000 to Settle  Retaliation Lawsuit with EEOC","$35,000",04-10-2017,https://www.eeoc.gov/newsroom/abl-management-pay-35000-settle-retaliation-lawsuit-eeoc
Case No. 2:16-cv-11551,"Country Fresh to Pay $84,750 to Settle EEOC Sex Discrimination Suit","$84,750",04-05-2017,https://www.eeoc.gov/newsroom/country-fresh-pay-84750-settle-eeoc-sex-discrimination-suit
Case No. 1:11-cv-11732,Texas Roadhouse to Pay $12 Million to Settle EEOC Age Discrimination Lawsuit,$12,03-31-2017,https://www.eeoc.gov/newsroom/texas-roadhouse-pay-12-million-settle-eeoc-age-discrimination-lawsuit
Case No. 2:15-cv-00340,"Disability Services Company to Pay $100,000 to Settle EEOC Disability Discrimination Lawsuit","$100,000",03-28-2017,https://www.eeoc.gov/newsroom/disability-services-company-pay-100000-settle-eeoc-disability-discrimination-lawsuit
Case No. 4:16-cv-1333,"Kasco to Pay $110,000 to Settle EEOC Discrimination and Retaliation Lawsuit","$110,000",03-22-2017,https://www.eeoc.gov/newsroom/kasco-pay-110000-settle-eeoc-discrimination-and-retaliation-lawsuit
Case No. 2:16-cv-13093,"New Image Building Services to Pay $16,000 to Settle EEOC Disability Discrimination Suit","$16,000",03-10-2017,https://www.eeoc.gov/newsroom/new-image-building-services-pay-16000-settle-eeoc-disability-discrimination-suit
Case No. 1:15-cv-01222,"Magnolia Health Corporation to Pay $325,000 To Settle EEOC Class Disability Discrimination Case","$325,000",03-08-2017,https://www.eeoc.gov/newsroom/magnolia-health-corporation-pay-325000-settle-eeoc-class-disability-discrimination-case
Case No. 1:16-cv-02788,"Cushman & Wakefield will Pay $100,000 to Settle EEOC Disability Discrimination Lawsuit","$100,000",03-03-2017,https://www.eeoc.gov/newsroom/cushman-wakefield-will-pay-100000-settle-eeoc-disability-discrimination-lawsuit
Case No. 3:15-cv-00261,"Graceworks Lutheran Services to Pay $30,660 to Settle EEOC Disability Discrimination Lawsuit","$30,660",02-23-2017,https://www.eeoc.gov/newsroom/graceworks-lutheran-services-pay-30660-settle-eeoc-disability-discrimination-lawsuit
Case No. 8:16-cv-02936,"Life Time Fitness Will Pay $86,000 to Settle EEOC Pregnancy Discrimination Lawsuit","$86,000",02-23-2017,https://www.eeoc.gov/newsroom/life-time-fitness-will-pay-86000-settle-eeoc-pregnancy-discrimination-lawsuit
Case No. 3:15-cv-00641,"S&B Industry to Pay $110,000 to Settle EEOC Disability Discrimination Suit","$110,000",02-23-2017,https://www.eeoc.gov/newsroom/sb-industry-pay-110000-settle-eeoc-disability-discrimination-suit
Case No. 4:16-cv-02909,"Diallo's Of Houston to Pay $139,366 to Resolve  EEOC Disability Discrimination Lawsuit","$139,366",01-09-2017,https://www.eeoc.gov/newsroom/diallos-houston-pay-139366-resolve-eeoc-disability-discrimination-lawsuit
Case No. 1:16-cv-852,"Kevothermal, LLC to Pay $60,000 to Settle EEOC Equal Pay and National Origin Discrimination Lawsuit","$60,000",01-03-2017,https://www.eeoc.gov/newsroom/kevothermal-llc-pay-60000-settle-eeoc-equal-pay-and-national-origin-discrimination-lawsuit
Case No. 3:15-cv-02164,"Mexicali Chicken & Salads Ordered To Pay $27,700 to Resolve Sexual Harassment Lawsuit Filed By EEOC","$27,700",12-30-2016,https://www.eeoc.gov/newsroom/mexicali-chicken-salads-ordered-pay-27700-resolve-sexual-harassment-lawsuit-filed-eeoc
Case No. 8:15-cv-02342,"Dimensions Healthcare System to Pay $125,000 to Settle EEOC Sex and Pregnancy Discrimination Lawsuit","$125,000",12-20-2016,https://www.eeoc.gov/newsroom/dimensions-healthcare-system-pay-125000-settle-eeoc-sex-and-pregnancy-discrimination
Case No. 1:13-cv-00473,"Outokumpu Stainless USA, LLC to Pay $150,000 to Settle Race Discrimination Lawsuit with EEOC","$150,000",12-16-2016,https://www.eeoc.gov/newsroom/outokumpu-stainless-usa-llc-pay-150000-settle-race-discrimination-lawsuit-eeoc
Case No. 5:15-cv-01066,"OnSite Solutions to Pay $50,000 to Settle Race Discrimination Charges","$50,000",11-15-2016,https://www.eeoc.gov/newsroom/onsite-solutions-pay-50000-settle-race-discrimination-charges
Case No. 1:13-cv-03225,Georgia Power to Pay over $1.5 Million to Settle EEOC Disability Discrimination Suit,$1.5,11-15-2016,https://www.eeoc.gov/newsroom/georgia-power-pay-over-15-million-settle-eeoc-disability-discrimination-suit
Case No. 1:15-cv-02955,"Safeway Will Rehire Store Clerk and Pay $27,000 to Settle EEOC Disability Discrimination Lawsuit","$27,000",11-02-2016,https://www.eeoc.gov/newsroom/safeway-will-rehire-store-clerk-and-pay-27000-settle-eeoc-disability-discrimination
Case No. 1:14-cv-05441,"BNV Home Care Agency to Pay $125,000 to Settle EEOC Genetic Discrimination Lawsuit","$125,000",11-01-2016,https://www.eeoc.gov/newsroom/bnv-home-care-agency-pay-125000-settle-eeoc-genetic-discrimination-lawsuit
Case No. 7:16-cv-00051,"ABC Phones of North Carolina to Pay $50,000 To Settle EEOC Same-Sex Harassment Lawsuit","$50,000",10-31-2016,https://www.eeoc.gov/newsroom/abc-phones-north-carolina-pay-50000-settle-eeoc-same-sex-harassment-lawsuit
Case No. 1:13-cv-01574,"Farmers Insurance Exchange to Pay $225,000 to Settle EEOC Race Discrimination Suit Involving Two Hmong - American Workers and Another Worker For Retaliation","$225,000",10-27-2016,https://www.eeoc.gov/newsroom/farmers-insurance-exchange-pay-225000-settle-eeoc-race-discrimination-suit-involving-two
Case No. 2:14-cv-0227,"Harrison Poultry to Pay $100,000 to Settle EEOC Disability Discrimination Lawsuit","$100,000",10-04-2016,https://www.eeoc.gov/newsroom/harrison-poultry-pay-100000-settle-eeoc-disability-discrimination-lawsuit
Case No. 5:15-cv-02017,"SOCI Petroleum / Santmyer Oil Company to Pay $50,000 to Settle EEOC Sex-Based Pay Discrimination Lawsuit","$50,000",09-22-2016,https://www.eeoc.gov/newsroom/soci-petroleum-santmyer-oil-company-pay-50000-settle-eeoc-sex-based-pay-discrimination
Case No. 2:14-cv-1696,"Texas Roadhouse Restaurant, Management Company to Pay $1.4M to Settle EEOC Sexual Harassment and Retaliation Suit",$1.4,09-21-2016,https://www.eeoc.gov/newsroom/texas-roadhouse-restaurant-management-company-pay-14m-settle-eeoc-sexual-harassment-and
Case No. 4:16-cv-00094,"Greenville Ready Mixed Concrete to Pay $42,500  To Settle EEOC Religious Discrimination Lawsuit","$42,500",09-08-2016,https://www.eeoc.gov/newsroom/greenville-ready-mixed-concrete-pay-42500-settle-eeoc-religious-discrimination-lawsuit
Case No. 2:14-cv-02740,"SFI of Tennessee to Pay $210,000  To Settle EEOC Race Discrimination Lawsuit","$210,000",09-07-2016,https://www.eeoc.gov/newsroom/sfi-tennessee-pay-210000-settle-eeoc-race-discrimination-lawsuit
Case No. 7:15-cv-00160,"Regis Corporation to Pay $60,000 to Settle EEOC Disability Discrimination Suit","$60,000",08-25-2016,https://www.eeoc.gov/newsroom/regis-corporation-pay-60000-settle-eeoc-disability-discrimination-suit
Case No. 1:16-cv-00197,"Windsor Inn Will Pay $200,000 to Settle EEOC Sexual Harassment and Retaliation Lawsuit","$200,000",08-22-2016,https://www.eeoc.gov/newsroom/windsor-inn-will-pay-200000-settle-eeoc-sexual-harassment-and-retaliation-lawsuit
Case No. 1:13-cv-3144,"Georgia Council for the Hearing-Impaired  To Pay $10,000 to Settle EEEOC Retaliation Lawsuit","$10,000",08-11-2016,https://www.eeoc.gov/newsroom/georgia-council-hearing-impaired-pay-10000-settle-eeeoc-retaliation-lawsuit
Case No. 2:15-cv-01269,"Amtrak to Pay $112,000 to Settle  EEOC Disability Discrimination Lawsuit","$112,000",08-10-2016,https://www.eeoc.gov/newsroom/amtrak-pay-112000-settle-eeoc-disability-discrimination-lawsuit
Case No. 1:15-cv-02170,"Reserve Casino Hotel to Pay $250,000 to Settle EEOC Age and Sex Discrimination Lawsuit","$250,000",07-06-2016,https://www.eeoc.gov/newsroom/reserve-casino-hotel-pay-250000-settle-eeoc-age-and-sex-discrimination-lawsuit
Case No. 6:15-cv-00102,"DHD Ventures Management Company, Inc. To Pay $40,000 to Settle EEOC Racial Harassment and Retaliation Lawsuit","$40,000",06-29-2016,https://www.eeoc.gov/newsroom/dhd-ventures-management-company-inc-pay-40000-settle-eeoc-racial-harassment-and
Case No. 2:10-cv-03095,"Newark Port Automobile Processing Facility to Pay $350,000 to Settle EEOC Race Discrimination Suit","$350,000",06-15-2016,https://www.eeoc.gov/newsroom/newark-port-automobile-processing-facility-pay-350000-settle-eeoc-race-discrimination-suit
Case No. 9:15-cv-04047,"South Carolina Nursing Home to Pay $40,000 to Settle EEOC Race Discrimination Lawsuit","$40,000",06-09-2016,https://www.eeoc.gov/newsroom/south-carolina-nursing-home-pay-40000-settle-eeoc-race-discrimination-lawsuit
Case No. 2:14-cv-13757,"Kroger to Pay $33,000 to Settle  EEOC Disability Discrimination Suit","$33,000",06-01-2016,https://www.eeoc.gov/newsroom/kroger-pay-33000-settle-eeoc-disability-discrimination-suit
Case No. 3:15-cv-01041,"First Call Ambulance Service to Pay $55,000 to Settle EEOC Pregnancy Discrimination Lawsuit","$55,000",05-27-2016,https://www.eeoc.gov/newsroom/first-call-ambulance-service-pay-55000-settle-eeoc-pregnancy-discrimination-lawsuit
Case No. 4:15-cv-00066,"American Casing & Equipment Will Pay $250,000 to Settle EEOC Discrimination and Retaliation Suit","$250,000",05-24-2016,https://www.eeoc.gov/newsroom/american-casing-equipment-will-pay-250000-settle-eeoc-discrimination-and-retaliation-suit
Case No. 0:15-cv-61997,"McWhite's Funeral Home to Pay $85,000 to Settle EEOC Sexual Harassment and Retaliation Lawsuit","$85,000",05-23-2016,https://www.eeoc.gov/newsroom/mcwhites-funeral-home-pay-85000-settle-eeoc-sexual-harassment-and-retaliation-lawsuit
Case No. 1:14-cv-290,"Office Concepts to Pay $45,000 to Settle EEOC Pregnancy Discrimination Suit","$45,000",05-19-2016,https://www.eeoc.gov/newsroom/office-concepts-pay-45000-settle-eeoc-pregnancy-discrimination-suit
Case No. 3:15-cv-00727,"Zoo Printing Agrees to Pay $110,000 to Settle EEOC Disability and Retaliation Discrimination Lawsuit","$110,000",05-19-2016,https://www.eeoc.gov/newsroom/zoo-printing-agrees-pay-110000-settle-eeoc-disability-and-retaliation-discrimination
Case No. 5:15-cv-05282,"Landis Communities and Landis Homes Retirement Community Will Pay $132,500 to Resolve EEOC Suit","$132,500",05-11-2016,https://www.eeoc.gov/newsroom/landis-communities-and-landis-homes-retirement-community-will-pay-132500-resolve-eeoc-suit
Case No. 1:13-cv-00698,"Maui County Police Department to Pay $24,000 to Settle EEOC Age Discrimination Suit","$24,000",05-10-2016,https://www.eeoc.gov/newsroom/maui-county-police-department-pay-24000-settle-eeoc-age-discrimination-suit
Case No. 0:14-cv-3408,"Cummins Power Generation to Pay Over $87,000 to Resolve EEOC Disability Lawsuit","$87,000",05-09-2016,https://www.eeoc.gov/newsroom/cummins-power-generation-pay-over-87000-resolve-eeoc-disability-lawsuit
Case No. 4:14-cv-03588,Lawler Foods to Pay over $1 Million to Settle  EEOC Race and National Origin Discrimination Suit,$1,04-26-2016,https://www.eeoc.gov/newsroom/lawler-foods-pay-over-1-million-settle-eeoc-race-and-national-origin-discrimination-suit
Case No. 5:15-cv-04444,"Milpitas to Pay $140,000 to Settle EEOC Age Discrimination Suit","$140,000",04-15-2016,https://www.eeoc.gov/newsroom/milpitas-pay-140000-settle-eeoc-age-discrimination-suit
Case No. 1:14-cv-00973,"RockTenn to Pay $187,500 to Settle EEOC Disability Discrimination Suit","$187,500",04-14-2016,https://www.eeoc.gov/newsroom/rocktenn-pay-187500-settle-eeoc-disability-discrimination-suit
Case No. 1:15-cv-00486,"Coca-Cola Bottling Of Mobile to Pay $35,000 to Settle EEOC Sex Discrimination Suit","$35,000",04-12-2016,https://www.eeoc.gov/newsroom/coca-cola-bottling-mobile-pay-35000-settle-eeoc-sex-discrimination-suit
Case No. 2:15-cv-00113,"Neenah Paper to Pay $33,000 to Settle EEOC Disability Discrimination Suit","$33,000",04-07-2016,https://www.eeoc.gov/newsroom/neenah-paper-pay-33000-settle-eeoc-disability-discrimination-suit
Case No. 3:14-cv-00181,"NFI Roadrail and NFI Industries to Pay $45,000 to Settle EEOC Pay Discrimination Suit","$45,000",03-14-2016,https://www.eeoc.gov/newsroom/nfi-roadrail-and-nfi-industries-pay-45000-settle-eeoc-pay-discrimination-suit
Case No. 0:14-cv-00599,PMT Corporation to Pay over $1 Million to Resolve EEOC Class Age and Sex Discrimination Lawsuit,$1,03-07-2016,https://www.eeoc.gov/newsroom/pmt-corporation-pay-over-1-million-resolve-eeoc-class-age-and-sex-discrimination-lawsuit
Case No. 3:11-cv-01964,"AT&T to Pay $250,000 and Reinstate Employee to Settle EEOC Disability Discrimination Lawsuit","$250,000",03-02-2016,https://www.eeoc.gov/newsroom/att-pay-250000-and-reinstate-employee-settle-eeoc-disability-discrimination-lawsuit
Case No. 4:15-cv-00176,"Quality Solutions, LLC to Pay $22,500 to Settle EEOC Pregnancy Discrimination Suit","$22,500",02-22-2016,https://www.eeoc.gov/newsroom/quality-solutions-llc-pay-22500-settle-eeoc-pregnancy-discrimination-suit
Case No. 2:15-cv-01166,"Cessna Aircraft Company to Pay over $160,000 In EEOC Disability Discrimination Suit","$160,000",02-18-2016,https://www.eeoc.gov/newsroom/cessna-aircraft-company-pay-over-160000-eeoc-disability-discrimination-suit
Case No. 0:15-cv-62061,"Vacation Resorts International to Pay $125,000 to Settle EEOC Sexual Harassment / Retaliation Suit","$125,000",02-17-2016,https://www.eeoc.gov/newsroom/vacation-resorts-international-pay-125000-settle-eeoc-sexual-harassment-retaliation-suit
Case No. 1:15-cv-01592,Vail Condo Association Will Pay Over $1 Million to Settle EEOC National Origin Discrimination and Sexual Harassment Lawsuit,$1,02-12-2016,https://www.eeoc.gov/newsroom/vail-condo-association-will-pay-over-1-million-settle-eeoc-national-origin-discrimination
Case No. 1:15-cv-02484,"National Federation for the Blind Will Pay $25,000 to Settle EEOC Religious Accommodation Lawsuit","$25,000",02-08-2016,https://www.eeoc.gov/newsroom/national-federation-blind-will-pay-25000-settle-eeoc-religious-accommodation-lawsuit
Case No. 6:15-cv-00154,"Rental Pro to Pay $37,000 to Settle EEOC Age Discrimination Lawsuit","$37,000",02-02-2016,https://www.eeoc.gov/newsroom/rental-pro-pay-37000-settle-eeoc-age-discrimination-lawsuit
Case No. 4:15-cv-13060,"Downriver Community Services Will Pay $31,000 to Settle EEOC Disability Discrimination Lawsuit","$31,000",01-20-2016,https://www.eeoc.gov/newsroom/downriver-community-services-will-pay-31000-settle-eeoc-disability-discrimination-lawsuit
Case No. 5:14-cv-26250,"Rhino Energy WV Will Pay $62,500 to Settle EEOC National Origin Discrimination and Retaliation Suit","$62,500",01-20-2016,https://www.eeoc.gov/newsroom/rhino-energy-wv-will-pay-62500-settle-eeoc-national-origin-discrimination-and-retaliation
Case No. 1:15-cv-01246,"Stanley Martin Companies, LLC Will Pay $45,000 to Settle EEOC Sex Discrimination Suit","$45,000",01-11-2016,https://www.eeoc.gov/newsroom/stanley-martin-companies-llc-will-pay-45000-settle-eeoc-sex-discrimination-suit
Case No. 3:15-cv-350,"Seymour Midwest to Pay $100,000 to Resolve EEOC Age Discrimination Lawsuit","$100,000",01-06-2016,https://www.eeoc.gov/newsroom/seymour-midwest-pay-100000-resolve-eeoc-age-discrimination-lawsuit
Case No. 1:15-cv-02536,"Hearn-Kirkwood Will Pay $63,500 to Resolve EEOC Pay Discrimination and Retaliation Lawsuit","$63,500",01-05-2016,https://www.eeoc.gov/newsroom/hearn-kirkwood-will-pay-63500-resolve-eeoc-pay-discrimination-and-retaliation-lawsuit
Case No. 2:12-cv-0557,"Signal International, LLC to Pay $5 Million to Settle EEOC Race, National Origin Lawsuit",$5,12-18-2015,https://www.eeoc.gov/newsroom/signal-international-llc-pay-5-million-settle-eeoc-race-national-origin-lawsuit
Case No. 4:12-cv-00075,"Tepro, Inc. To Pay $600,000 to Settle EEOC Age Discrimination Suit","$600,000",12-17-2015,https://www.eeoc.gov/newsroom/tepro-inc-pay-600000-settle-eeoc-age-discrimination-suit
Case No. 1:15-cv-00845,"Shefa Wellness Center to Pay $37,000 to Settle EEOC Pregnancy Discrimination Suit","$37,000",12-02-2015,https://www.eeoc.gov/newsroom/shefa-wellness-center-pay-37000-settle-eeoc-pregnancy-discrimination-suit
Case No. 1:15-cv-01946,"OHM Concessions Will Pay $151,000 to Settle EEOC Disability Discrimination Suit","$151,000",11-30-2015,https://www.eeoc.gov/newsroom/ohm-concessions-will-pay-151000-settle-eeoc-disability-discrimination-suit
Case No. 4:14-cv-00564,"Kroger to Pay $42,500 to Settle EEOC Sexual Harassment Suit","$42,500",11-13-2015,https://www.eeoc.gov/newsroom/kroger-pay-42500-settle-eeoc-sexual-harassment-suit
Case No. 3:14-cv-00808,"Baker Wellness Center to Pay $30,000 to Settle EEOC Disability Discrimination Lawsuit","$30,000",10-30-2015,https://www.eeoc.gov/newsroom/baker-wellness-center-pay-30000-settle-eeoc-disability-discrimination-lawsuit
Case No. 1:14-cv-02206,"Potato Packing Companies to Pay $450,000 to Settle EEOC Suit for Sex Harassment and Retaliation","$450,000",10-07-2015,https://www.eeoc.gov/newsroom/potato-packing-companies-pay-450000-settle-eeoc-suit-sex-harassment-and-retaliation
Case No. 1:14-cv-02102,"Blinded Veterans Association Will Pay over $150,000 to Settle EEOC Age Discrimination Lawsuit","$150,000",09-29-2015,https://www.eeoc.gov/newsroom/blinded-veterans-association-will-pay-over-150000-settle-eeoc-age-discrimination-lawsuit
Case No. 4:13-cv-01279,"Tucson-Area Trucking Company CTI to Pay $300,000 to Settle EEOC Disability Discrimination Lawsuit","$300,000",09-23-2015,https://www.eeoc.gov/newsroom/tucson-area-trucking-company-cti-pay-300000-settle-eeoc-disability-discrimination-lawsuit
Case No. 3:15-cv-60,"Stack Bros. to Pay $140,000 to Settle EEOC Age Discrimination and Retaliation Suit","$140,000",09-18-2015,https://www.eeoc.gov/newsroom/stack-bros-pay-140000-settle-eeoc-age-discrimination-and-retaliation-suit
Case No. 2:15-cv-00411,"Renaissance School to Pay $69,000 to Settle EEOC Age and Sex Bias Suit","$69,000",09-04-2015,https://www.eeoc.gov/newsroom/renaissance-school-pay-69000-settle-eeoc-age-and-sex-bias-suit
Case No. 2:15-cv-00436,"Yuma-Area Health Center to Pay $50,000 to Settle EEOC Retaliation Lawsuit","$50,000",08-21-2015,https://www.eeoc.gov/newsroom/yuma-area-health-center-pay-50000-settle-eeoc-retaliation-lawsuit
Case No. 1:11-cv-00355,"Mississippi HomeCare of Picayune to Pay $100,000 to Settle EEOC Disability Discrimination Suit","$100,000",08-18-2015,https://www.eeoc.gov/newsroom/mississippi-homecare-picayune-pay-100000-settle-eeoc-disability-discrimination-suit
Case No. 2:14-cv-1186,"Hufcor, Inc. to Pay $120,000 to Settle EEOC Sexual Harassment and Retaliation Suit","$120,000",08-17-2015,https://www.eeoc.gov/newsroom/hufcor-inc-pay-120000-settle-eeoc-sexual-harassment-and-retaliation-suit
Case No. 2:13-cv-14076,"The Pines of Clarkston to Pay $42,500 to Settle EEOC  Disability Discrimination Lawsuit","$42,500",08-06-2015,https://www.eeoc.gov/newsroom/pines-clarkston-pay-42500-settle-eeoc-disability-discrimination-lawsuit
Case No. 5:14-cv-00801,"Taprite Fassco to Pay $72,500 to Settle EEOC Sex, Disability and Retaliation Discrimination Suit","$72,500",07-31-2015,https://www.eeoc.gov/newsroom/taprite-fassco-pay-72500-settle-eeoc-sex-disability-and-retaliation-discrimination-suit
Case No. 4:14-cv-00205,"Building Materials Manufacturing Corp to Pay $62,500 to Settle EEOC Disability Lawsuit","$62,500",07-23-2015,https://www.eeoc.gov/newsroom/building-materials-manufacturing-corp-pay-62500-settle-eeoc-disability-lawsuit
Case No. 2:15-cv-02261,"McLane Foodservice to Pay $40,000 to Settle EEOC Disability Discrimination Lawsuit","$40,000",07-23-2015,https://www.eeoc.gov/newsroom/mclane-foodservice-pay-40000-settle-eeoc-disability-discrimination-lawsuit
Case No. 4:15-cv-00014,"Savannah Toyota to Pay $30,000 to Settle EEOC  Sexual Harassment Lawsuit","$30,000",07-21-2015,https://www.eeoc.gov/newsroom/savannah-toyota-pay-30000-settle-eeoc-sexual-harassment-lawsuit
Case No. 1:15-cv-00043,"Winston-Salem Health Care Company Will Pay $48,000 to Settle EEOC  Pregnancy Discrimination Lawsuit","$48,000",07-16-2015,https://www.eeoc.gov/newsroom/winston-salem-health-care-company-will-pay-48000-settle-eeoc-pregnancy-discrimination
Case No. 4:14-cv-02775,"Waste Connections to Pay $45,000 to Settle EEOC Disability Discrimination Lawsuit","$45,000",07-14-2015,https://www.eeoc.gov/newsroom/waste-connections-pay-45000-settle-eeoc-disability-discrimination-lawsuit
Case No. 2:13-cv-0245,"Merrilville Ultra Foods to Pay $200,000 to Settle EEOC Sex Discrimination Suit","$200,000",07-10-2015,https://www.eeoc.gov/newsroom/merrilville-ultra-foods-pay-200000-settle-eeoc-sex-discrimination-suit
Case No. 3:13-cv-01662,"Kyklos Bearing International Will Pay $50,000 to Settle EEOC Disability Discrimination Lawsuit","$50,000",06-24-2015,https://www.eeoc.gov/newsroom/kyklos-bearing-international-will-pay-50000-settle-eeoc-disability-discrimination-lawsuit
Case No. 2:15-cv-02153,"Noodles Asian Bistro to Pay $25,000 to Settle EEOC Pregnancy Discrimination Lawsuit","$25,000",06-24-2015,https://www.eeoc.gov/newsroom/noodles-asian-bistro-pay-25000-settle-eeoc-pregnancy-discrimination-lawsuit
Case No. 2:14-cv-02674,"KONE  Inc. to Pay $85,500 to Settle EEOC Retaliation and Breach of Mediation Agreement Lawsuit","$85,500",06-18-2015,https://www.eeoc.gov/newsroom/kone-inc-pay-85500-settle-eeoc-retaliation-and-breach-mediation-agreement-lawsuit
Case No. 2:11-cv-01588,"Pioneer Hotel to Pay $150,000 to Settle EEOC National Origin / Color Harassment & Discrimination Suit","$150,000",06-17-2015,https://www.eeoc.gov/newsroom/pioneer-hotel-pay-150000-settle-eeoc-national-origin-color-harassment-discrimination-suit
Case No. 8:13-cv-02655,"Wal-Mart Stores East to Pay $75,000 to Settle EEOC National Origin / Religious Harassment and Retaliation Lawsuit","$75,000",06-12-2015,https://www.eeoc.gov/newsroom/wal-mart-stores-east-pay-75000-settle-eeoc-national-origin-religious-harassment-and
Case No. 6:15-cv-00109,"Ruby Tuesday to Pay $100,000 to Settle EEOC Sex Discrimination Lawsuit","$100,000",05-21-2015,https://www.eeoc.gov/newsroom/ruby-tuesday-pay-100000-settle-eeoc-sex-discrimination-lawsuit
Case No. 5:14-cv-00362,"H2H Enterprises / Huddle House #670 to Pay $15,000 to Settle EEOC Racial Harassment Lawsuit","$15,000",05-21-2015,https://www.eeoc.gov/newsroom/h2h-enterprises-huddle-house-670-pay-15000-settle-eeoc-racial-harassment-lawsuit
Case No. 3:14-cv-00210,"Magnolia Place Personal Care Home to Pay $20,000 to Settle EEOC Pregnancy Discrimination Lawsuit","$20,000",04-30-2015,https://www.eeoc.gov/newsroom/magnolia-place-personal-care-home-pay-20000-settle-eeoc-pregnancy-discrimination-lawsuit
Case No. 1:13-cv-02860,"Red Lobster Restaurants Will Pay $160,000 to Settle EEOC Sexual Harassment Lawsuit","$160,000",04-29-2015,https://www.eeoc.gov/newsroom/red-lobster-restaurants-will-pay-160000-settle-eeoc-sexual-harassment-lawsuit
Case No. 7:13-cv-203,"Newport News Industrial Corporation Agrees to Pay $65,000 in EEOC Retaliation Lawsuit","$65,000",04-27-2015,https://www.eeoc.gov/newsroom/newport-news-industrial-corporation-agrees-pay-65000-eeoc-retaliation-lawsuit
Case No. 1:14-cv-03076,"Rinnier Development and Related Companies to Pay $25,000 to Settle EEOC Race Discrimination Lawsuit","$25,000",04-22-2015,https://www.eeoc.gov/newsroom/rinnier-development-and-related-companies-pay-25000-settle-eeoc-race-discrimination
Case No. 4:14-cv-00573,"Helmerich & Payne to Pay $59,000 to Settle EEOC Disability Discrimination Suit","$59,000",04-22-2015,https://www.eeoc.gov/newsroom/helmerich-payne-pay-59000-settle-eeoc-disability-discrimination-suit
Case No. 1:12-cv-01186,"Howard University Will Pay $35,000 to Settle EEOC Disability Discrimination Lawsuit","$35,000",04-20-2015,https://www.eeoc.gov/newsroom/howard-university-will-pay-35000-settle-eeoc-disability-discrimination-lawsuit
Case No. 8:14-cv-2421,"Lakeland Eye Clinic will Pay $150,000 to Resolve Transgender / Sex Discrimination Lawsuit","$150,000",04-13-2015,https://www.eeoc.gov/newsroom/lakeland-eye-clinic-will-pay-150000-resolve-transgender-sex-discrimination-lawsuit
Case No. 0:14-cv-02138,"Baldwin Supply Company to Pay $50,000 to Settle EEOC Disability Discrimination Lawsuit","$50,000",04-06-2015,https://www.eeoc.gov/newsroom/baldwin-supply-company-pay-50000-settle-eeoc-disability-discrimination-lawsuit
Case No. 8:14-cv-03091,"The Lash Group Will Pay $75,000 to Settle  EEOC Disability Discrimination Lawsuit","$75,000",03-18-2015,https://www.eeoc.gov/newsroom/lash-group-will-pay-75000-settle-eeoc-disability-discrimination-lawsuit
Case No. 3:14-cv-0211,"Save Edge to Pay $30,000 to Settle EEOC Disability Discrimination Suit","$30,000",03-17-2015,https://www.eeoc.gov/newsroom/save-edge-pay-30000-settle-eeoc-disability-discrimination-suit
Case No. 3:14-cv-00152,"Suncup / Gregory Packaging to Pay $125,000 to Settle EEOC Disability Discrimination Lawsuit","$125,000",03-13-2015,https://www.eeoc.gov/newsroom/suncup-gregory-packaging-pay-125000-settle-eeoc-disability-discrimination-lawsuit
Case No. 8:14-cv-03083,"First Title & Escrow / Streamline Title & Escrow to Pay $95,000 to Settle EEOC Disability Bias Lawsuit","$95,000",03-13-2015,https://www.eeoc.gov/newsroom/first-title-escrow-streamline-title-escrow-pay-95000-settle-eeoc-disability-bias-lawsuit
Case No. 2:14-cv-11172,"Lafontaine Cadillac Buick GMC to Pay $75,000 to Settle EEOC Racial Harassment Lawsuit","$75,000",03-11-2015,https://www.eeoc.gov/newsroom/lafontaine-cadillac-buick-gmc-pay-75000-settle-eeoc-racial-harassment-lawsuit
Case No. 1:14-cv-1005,"Savi Technology Will Pay $20,000 to Settle EEOC Pregnancy Discrimination Lawsuit","$20,000",03-02-2015,https://www.eeoc.gov/newsroom/savi-technology-will-pay-20000-settle-eeoc-pregnancy-discrimination-lawsuit
Case No. 8:14-cv-2116,"Windmill Farms Nurseries to Pay $40,000 to Settle EEOC Sexual Harassment Lawsuit and Retaliation","$40,000",03-02-2015,https://www.eeoc.gov/newsroom/windmill-farms-nurseries-pay-40000-settle-eeoc-sexual-harassment-lawsuit-and-retaliation
Case No. 3:14-cv-00908,"Wal-Mart to Pay $150,000 to Settle EEOC  Age and Disability Discrimination Suit","$150,000",02-19-2015,https://www.eeoc.gov/newsroom/wal-mart-pay-150000-settle-eeoc-age-and-disability-discrimination-suit
Case No. 2:10-cv-02717,"Skanska USA Building to Pay $95,000 to Settle EEOC  Racial Harassment and Retaliation Lawsuit","$95,000",01-29-2015,https://www.eeoc.gov/newsroom/skanska-usa-building-pay-95000-settle-eeoc-racial-harassment-and-retaliation-lawsuit
Case No. 2:14-cv-11287,"Hot Wheel City Will Pay $20,000 to Resolve EEOC Sexual Harassment and Retaliation Lawsuit","$20,000",01-26-2015,https://www.eeoc.gov/newsroom/hot-wheel-city-will-pay-20000-resolve-eeoc-sexual-harassment-and-retaliation-lawsuit
Case No. 02:14-cv-527,"EZEFLOW USA, Inc. Will Pay $65,000 to Settle EEOC Disability Discrimination Lawsuit","$65,000",01-09-2015,https://www.eeoc.gov/newsroom/ezeflow-usa-inc-will-pay-65000-settle-eeoc-disability-discrimination-lawsuit
Case No. 2:14-cv-00338,"Maxim Healthcare Services Will Pay $75,000 to Settle EEOC Disability Discrimination Suit","$75,000",12-03-2014,https://www.eeoc.gov/newsroom/maxim-healthcare-services-will-pay-75000-settle-eeoc-disability-discrimination-suit
Case No. 0:14-cv-00809,"Baywood Home Care to Pay $30,000 under Decree Ending EEOC Disability Discrimination Lawsuit","$30,000",10-30-2014,https://www.eeoc.gov/newsroom/baywood-home-care-pay-30000-under-decree-ending-eeoc-disability-discrimination-lawsuit
Case No. 1:14-cv-00862,"Wal-Mart Stores East Will Pay $72,500 to Settle EEOC Disability Discrimination Lawsuit","$72,500",10-22-2014,https://www.eeoc.gov/newsroom/wal-mart-stores-east-will-pay-72500-settle-eeoc-disability-discrimination-lawsuit
Case No. 1:12-cv-01592,"Braun Electric to Pay $82,500 to Settle EEOC Sexual Harassment Suit","$82,500",10-15-2014,https://www.eeoc.gov/newsroom/braun-electric-pay-82500-settle-eeoc-sexual-harassment-suit
Case No. 3:13-cv-02062,"Kaiser Permanente to Pay $75,000 to Settle EEOC Disability Discrimination Suit","$75,000",10-08-2014,https://www.eeoc.gov/newsroom/kaiser-permanente-pay-75000-settle-eeoc-disability-discrimination-suit
Case No. 5:14-cv-1056,"Oklahoma Chicken Express Franchiser to Pay $15,000 to Settle EEOC National Origin Discrimination Suit","$15,000",10-03-2014,https://www.eeoc.gov/newsroom/oklahoma-chicken-express-franchiser-pay-15000-settle-eeoc-national-origin-discrimination
Case No. 1:13-cv-20684,"Prestige Transportation Service to Pay $200,000 and Mend Hiring Practices to Settle EEOC Race Discrimination Lawsuit","$200,000",10-01-2014,https://www.eeoc.gov/newsroom/prestige-transportation-service-pay-200000-and-mend-hiring-practices-settle-eeoc-race
Case No. 6:13-cv-00664,"Popeye&#39;s Chicken Franchisee to Pay $25,000 to Settle EEOC Disability Discrimination Lawsuit","$25,000",09-04-2014,https://www.eeoc.gov/newsroom/popeyes-chicken-franchisee-pay-25000-settle-eeoc-disability-discrimination-lawsuit
Case No. 1:13-cv-00066,"Bertolini Corporation to Pay $92,500 to Settle EEOC Retaliation Lawsuit","$92,500",08-13-2014,https://www.eeoc.gov/newsroom/bertolini-corporation-pay-92500-settle-eeoc-retaliation-lawsuit
Case No. 2:13-cv-01079,"Cardiac Science Corporation to Pay $50,000 To Settle EEOC Retaliation Suit","$50,000",07-29-2014,https://www.eeoc.gov/newsroom/cardiac-science-corporation-pay-50000-settle-eeoc-retaliation-suit
Case No. 3:13-cv-01736,"Fort Worth Center of Rehabilitation to Pay $30,000 to Settle Disability Discrimination Lawsuit","$30,000",06-26-2014,https://www.eeoc.gov/newsroom/fort-worth-center-rehabilitation-pay-30000-settle-disability-discrimination-lawsuit
Case No. 8:12-cv-01325,"SunTrust Bank to Pay $300,000 to Settle  EEOC Sexual Harassment Lawsuit","$300,000",06-10-2014,https://www.eeoc.gov/newsroom/suntrust-bank-pay-300000-settle-eeoc-sexual-harassment-lawsuit
Case No. 1:13-cv-01615,"Basta Pasta to Pay $200,000 to Settle EEOC Sexual Harassment and Retaliation Lawsuit","$200,000",05-29-2014,https://www.eeoc.gov/newsroom/basta-pasta-pay-200000-settle-eeoc-sexual-harassment-and-retaliation-lawsuit
Case No. 5:13-cv-01447,"Lifecare Medical Services to Pay $72,500 to Settle EEOC Disability Lawsuit","$72,500",05-29-2014,https://www.eeoc.gov/newsroom/lifecare-medical-services-pay-72500-settle-eeoc-disability-lawsuit
Case No. 2:12-cv-00207,"Christian Care Center of Johnson City to Pay $90,000 to Settle EEOC Disability Discrimination Suit","$90,000",05-09-2014,https://www.eeoc.gov/newsroom/christian-care-center-johnson-city-pay-90000-settle-eeoc-disability-discrimination-suit
Case No. 1:12-cv-00827,"Sneakers Corp / Just Sneakers to Pay $18,000 to Settle EEOC Disability Lawsuit","$18,000",05-07-2014,https://www.eeoc.gov/newsroom/sneakers-corp-just-sneakers-pay-18000-settle-eeoc-disability-lawsuit
Case No. 1:13-cv-02831,"Annapolis Internal Medicine to Pay $22,500 to Settle EEOC Pregnancy Discrimination and Retaliation Suit","$22,500",04-21-2014,https://www.eeoc.gov/newsroom/annapolis-internal-medicine-pay-22500-settle-eeoc-pregnancy-discrimination-and-retaliation
Case No. 2:13-cv-14926,"Direct Optical to Pay $53,000 to Settle Disability Discrimination Suit","$53,000",04-14-2014,https://www.eeoc.gov/newsroom/direct-optical-pay-53000-settle-disability-discrimination-suit
Case No. 2:12-cv-11124,"Weight Watchers to Pay $45,000  To Settle EEOC Pregnancy Discrimination Suit","$45,000",04-07-2014,https://www.eeoc.gov/newsroom/weight-watchers-pay-45000-settle-eeoc-pregnancy-discrimination-suit
Case No. 3:11-cv-01700,"Ventura Corporation to Pay $354,250 to Settle EEOC Lawsuit for Sex Discrimination Against Men","$354,250",04-03-2014,https://www.eeoc.gov/newsroom/ventura-corporation-pay-354250-settle-eeoc-lawsuit-sex-discrimination-against-men
Case No. 5:13-cv-795,"Wal-Mart to Pay $363,419 to Settle EEOC Sexual Harassment and Retaliation Suit","$363,419",03-25-2014,https://www.eeoc.gov/newsroom/wal-mart-pay-363419-settle-eeoc-sexual-harassment-and-retaliation-suit
Case No. 2:13-cv-155,"Olympia Construction to Pay $100,000 to Resolve EEOC Racial Harassment and Retaliation Lawsuit","$100,000",03-12-2014,https://www.eeoc.gov/newsroom/olympia-construction-pay-100000-resolve-eeoc-racial-harassment-and-retaliation-lawsuit
Case No. 1:13-cv-00203,"Ricardo&#39;s Restaurant will Pay $20,000 to Resolve EEOC Sexual Harassment Suit","$20,000",03-10-2014,https://www.eeoc.gov/newsroom/ricardos-restaurant-will-pay-20000-resolve-eeoc-sexual-harassment-suit
Case No. 2:11-cv-00777,"Rexnord Industries to Pay $25,000 in EEOC Disability Bias Suit","$25,000",03-04-2014,https://www.eeoc.gov/newsroom/rexnord-industries-pay-25000-eeoc-disability-bias-suit
Case No. 8:13-cv-01980,"Extended Stay Hotels Will Pay $75,800 to Settle EEOC Pay Discrimination Lawsuit","$75,800",02-19-2014,https://www.eeoc.gov/newsroom/extended-stay-hotels-will-pay-75800-settle-eeoc-pay-discrimination-lawsuit
Case No. 2:09-cv-00163,"Jiudicy to Pay $150,000 to Settle EEOC Retaliation Suit","$150,000",02-05-2014,https://www.eeoc.gov/newsroom/jiudicy-pay-150000-settle-eeoc-retaliation-suit
Case No. 2:09-cv-00864,"JPMorgan Chase Will Pay $1,450,000 to Resolve EEOC Class Sex Discrimination Lawsuit","$1,450,000",02-03-2014,https://www.eeoc.gov/newsroom/jpmorgan-chase-will-pay-1450000-resolve-eeoc-class-sex-discrimination-lawsuit
Case No. 2:12-cv-02855,"Regions Bank to Pay $95,000 to Settle EEOC Age and Disability Discrimination Lawsuit","$95,000",12-20-2013,https://www.eeoc.gov/newsroom/regions-bank-pay-95000-settle-eeoc-age-and-disability-discrimination-lawsuit
Case No. 2:12-cv-14439,Bay State Milling Company to Pay $80K to Settle EEOC Hiring Discrimination Case,$80,12-11-2013,https://www.eeoc.gov/newsroom/bay-state-milling-company-pay-80k-settle-eeoc-hiring-discrimination-case
Case No. 2:12-cv-07334,"Global Shipping Giant UPS to Pay $70,000 to Settle EEOC Religious Discrimination Lawsuit","$70,000",11-04-2013,https://www.eeoc.gov/newsroom/global-shipping-giant-ups-pay-70000-settle-eeoc-religious-discrimination-lawsuit
Case No. 1:13-cv-00756,"Toys""R""Us Will Pay $35,000 to Settle EEOC Disability Discrimination Lawsuit","$35,000",10-29-2013,https://www.eeoc.gov/newsroom/toysrus-will-pay-35000-settle-eeoc-disability-discrimination-lawsuit
Case No. 1:11-cv-00755,"Dollar General Stores to Pay $47,500 to Settle EEOC Disability Discrimination Lawsuit","$47,500",10-23-2013,https://www.eeoc.gov/newsroom/dollar-general-stores-pay-47500-settle-eeoc-disability-discrimination-lawsuit
Case No. 4:12-cv-13803,"Mercy Hospice to Pay $60,000 to Settle Disability Discrimination Lawsuit","$60,000",09-30-2013,https://www.eeoc.gov/newsroom/mercy-hospice-pay-60000-settle-disability-discrimination-lawsuit
Case No. 4:11-cv-00117,"River View Coal to Pay $245,000 to Settle EEOC Race Discrimination Suit","$245,000",09-26-2013,https://www.eeoc.gov/newsroom/river-view-coal-pay-245000-settle-eeoc-race-discrimination-suit
Case No. 2:12-cv-00238,"GGNSC Administrative Services to Pay $75,000 in EEOC Disability Bias Suit","$75,000",09-25-2013,https://www.eeoc.gov/newsroom/ggnsc-administrative-services-pay-75000-eeoc-disability-bias-suit
Case No. 2:11-cv-02844,"U-Haul to Pay $750,000 to Settle EEOC Racial Harassment & Retaliation Suit","$750,000",09-24-2013,https://www.eeoc.gov/newsroom/u-haul-pay-750000-settle-eeoc-racial-harassment-retaliation-suit
Case No. 3:11-cv-00472,"Caddell Construction to Pay $125,000 to Settle EEOC Disability Discrimination Suit","$125,000",09-19-2013,https://www.eeoc.gov/newsroom/caddell-construction-pay-125000-settle-eeoc-disability-discrimination-suit
Case No. 5:12-cv-00139,Platinum P.T.S. To Pay $100k to Settle EEOC Pregnancy Discrimination Lawsuit,$100,08-08-2013,https://www.eeoc.gov/newsroom/platinum-pts-pay-100k-settle-eeoc-pregnancy-discrimination-lawsuit
Case No. 1:11-cv-03465,"Dad's BBQ in Anniston to Pay $91,000 to  Settle EEOC Sexual Harassment Suit","$91,000",07-29-2013,https://www.eeoc.gov/newsroom/dads-bbq-anniston-pay-91000-settle-eeoc-sexual-harassment-suit
Case No. 2:12-cv-01867,"Swift Aviation to Pay $50,000 to Settle EEOC National Origin and Religious Discrimination Lawsuit","$50,000",07-29-2013,https://www.eeoc.gov/newsroom/swift-aviation-pay-50000-settle-eeoc-national-origin-and-religious-discrimination-lawsuit
Case No. 4:12-cv-01498,"Help at Home, Inc. to Pay $302,500 to Settle EEOC Lawsuit Charging Sexual Harassment, Retaliation","$302,500",07-24-2013,https://www.eeoc.gov/newsroom/help-home-inc-pay-302500-settle-eeoc-lawsuit-charging-sexual-harassment-retaliation
Case No. 4:12-cv-158,"Nags Head Hotel to Pay $45,000 to Settle EEOC Religious Discrimination Lawsuit","$45,000",07-23-2013,https://www.eeoc.gov/newsroom/nags-head-hotel-pay-45000-settle-eeoc-religious-discrimination-lawsuit
Case No. 0:13-cv-61518,"It&#39;s Just Lunch to Pay $900,000 to Settle EEOC Lawsuit for Sex Discrimination Against Men","$900,000",07-22-2013,https://www.eeoc.gov/newsroom/its-just-lunch-pay-900000-settle-eeoc-lawsuit-sex-discrimination-against-men
Case No. 1:11-cv-01703,"MISO to Pay $90,500 to Settle EEOC Disability Discrimination Lawsuit","$90,500",07-11-2013,https://www.eeoc.gov/newsroom/miso-pay-90500-settle-eeoc-disability-discrimination-lawsuit
Case No. 1:11-cv-02560,HoneyBaked Ham to Pay $370K to Settle EEOC Sexual Harassment and Retaliation Lawsuit,$370,06-26-2013,https://www.eeoc.gov/newsroom/honeybaked-ham-pay-370k-settle-eeoc-sexual-harassment-and-retaliation-lawsuit
Case No. 4:12-cv-47,"Americold Logistics to Pay $46,000 to Settle EEOC Disability Lawsuit","$46,000",06-20-2013,https://www.eeoc.gov/newsroom/americold-logistics-pay-46000-settle-eeoc-disability-lawsuit
Case No. 1:11-cv-02433,"Trinity Protection Services and CSI Corp. To Pay $42,000 to Resolve EEOC Discrimination Lawsuit","$42,000",06-10-2013,https://www.eeoc.gov/newsroom/trinity-protection-services-and-csi-corp-pay-42000-resolve-eeoc-discrimination-lawsuit
Case No. 6:12-cv-00051,"Torqued-Up Energy Services to Pay $150,000 to Settle EEOC Race Harassment / Retaliation Suit","$150,000",05-28-2013,https://www.eeoc.gov/newsroom/torqued-energy-services-pay-150000-settle-eeoc-race-harassment-retaliation-suit
Case No. 2:12-cv-982,"PFERD Milwaukee Brush to Pay $65,000  In EEOC Pay Bias Suit","$65,000",05-09-2013,https://www.eeoc.gov/newsroom/pferd-milwaukee-brush-pay-65000-eeoc-pay-bias-suit
Case No. 2:11-cv-02851,"Probat/Bauermeister to Pay $100,000 to Settle  EEOC Disability Discrimination Lawsuit","$100,000",05-06-2013,https://www.eeoc.gov/newsroom/probatbauermeister-pay-100000-settle-eeoc-disability-discrimination-lawsuit
Case No. 1:11-cv-00260,"Presrite Corporation to Pay $700,000 and Offer 40 Jobs to Settle EEOC Class Action Lawsuit","$700,000",04-30-2013,https://www.eeoc.gov/newsroom/presrite-corporation-pay-700000-and-offer-40-jobs-settle-eeoc-class-action-lawsuit
Case No. 1:11-cv-01549,"Alia Corp. To Pay $100,000 to Settle EEOC Disability Discrimination Suit","$100,000",04-18-2013,https://www.eeoc.gov/newsroom/alia-corp-pay-100000-settle-eeoc-disability-discrimination-suit
Case No. 3:11-cv-00707,"EDSI to Pay $70,000 to Settle EEOC Pregnancy & Disability Discrimination Suit","$70,000",04-15-2013,https://www.eeoc.gov/newsroom/edsi-pay-70000-settle-eeoc-pregnancy-disability-discrimination-suit
Case No. 5:12-cv-00846,"Dependable Health Services to Pay $40,000 to Settle EEOC Disability Discrimination Lawsuit","$40,000",04-01-2013,https://www.eeoc.gov/newsroom/dependable-health-services-pay-40000-settle-eeoc-disability-discrimination-lawsuit
Case No. 2:11-cv-01754,"Outback Steakhouse to Pay $65,000 to Settle  EEOC Disability Discrimination Lawsuit","$65,000",03-22-2013,https://www.eeoc.gov/newsroom/outback-steakhouse-pay-65000-settle-eeoc-disability-discrimination-lawsuit
Case No. 4:12-cv-00330,"Voss Lighting to Pay $82,500 to Settle EEOC Religious Discrimination Lawsuit","$82,500",03-19-2013,https://www.eeoc.gov/newsroom/voss-lighting-pay-82500-settle-eeoc-religious-discrimination-lawsuit
Case No. 2:12-cv-979,"University School of Milwaukee to Pay $37,500 in EEOC Pregnancy Discrimination Suit","$37,500",03-14-2013,https://www.eeoc.gov/newsroom/university-school-milwaukee-pay-37500-eeoc-pregnancy-discrimination-suit
Case No. 3:12-cv-03885,"REDC Default Solutions to Pay $50,000 to Settle EEOC Disability Discrimination Lawsuit","$50,000",02-21-2013,https://www.eeoc.gov/newsroom/redc-default-solutions-pay-50000-settle-eeoc-disability-discrimination-lawsuit
Case No. 1:12-cv-02887,"University of Maryland Faculty Physicians, Inc. Will Pay $92,500 to Settle EEOC Disability Lawsuit","$92,500",02-19-2013,https://www.eeoc.gov/newsroom/university-maryland-faculty-physicians-inc-will-pay-92500-settle-eeoc-disability-lawsuit
Case No. 3:11-cv-589,"New Pine Ridge Restaurant to Pay $41,000 to Settle EEOC Sexual Harassment and Retaliation Suit","$41,000",01-17-2013,https://www.eeoc.gov/newsroom/new-pine-ridge-restaurant-pay-41000-settle-eeoc-sexual-harassment-and-retaliation-suit
Case No. 8:11-cv-02695,"McCormick & Schmick's to Pay $47,814 to Settle  EEOC Disability Discrimination Lawsuit","$47,814",01-07-2013,https://www.eeoc.gov/newsroom/mccormick-schmicks-pay-47814-settle-eeoc-disability-discrimination-lawsuit
Case No. 2:11-cv-13347,"J.A. Thomas & Assoc. Agrees to Pay $350,000 to Settle EEOC Disability Discrimination Suit","$350,000",01-04-2013,https://www.eeoc.gov/newsroom/ja-thomas-assoc-agrees-pay-350000-settle-eeoc-disability-discrimination-suit
Case No. 2:11-cv-00263,"Fox Den Apartments to Pay $37,000 to Settle EEOC Disability Suit","$37,000",01-04-2013,https://www.eeoc.gov/newsroom/fox-den-apartments-pay-37000-settle-eeoc-disability-suit
Case No. 3:11-cv-0306,"Michigan City Restaurant to Pay $20,000 to Settle Second EEOC Sexual Harassment Suit","$20,000",12-20-2012,https://www.eeoc.gov/newsroom/michigan-city-restaurant-pay-20000-settle-second-eeoc-sexual-harassment-suit
Case No. 2:10-cv-00168,"Spectrum Bags to Pay $150,000 to Settle EEOC Sexual Harassment and Retaliation Lawsuit","$150,000",11-20-2012,https://www.eeoc.gov/newsroom/spectrum-bags-pay-150000-settle-eeoc-sexual-harassment-and-retaliation-lawsuit
Case No. 1:09-cv-10601,"Sparks Steak House to Pay $600,000 to Settle EEOC Class Male-On-Male Sexual Harassment Suit","$600,000",11-15-2012,https://www.eeoc.gov/newsroom/sparks-steak-house-pay-600000-settle-eeoc-class-male-male-sexual-harassment-suit
Case No. 3:11-cv-00464,"Gaylord, Inc. to Pay $55,000 to Settle EEOC Religious Discrimination Lawsuit","$55,000",11-13-2012,https://www.eeoc.gov/newsroom/gaylord-inc-pay-55000-settle-eeoc-religious-discrimination-lawsuit
Case No. 2:11-cv-1178,"Computer Systems to Pay $32,500 in EEOC Age Discrimination Suit","$32,500",10-29-2012,https://www.eeoc.gov/newsroom/computer-systems-pay-32500-eeoc-age-discrimination-suit
Case No. 6:11-cv-00052,"Mount Vernon Mills to Pay $70,000 to Settle EEOC Sexual Harassment Lawsuit","$70,000",09-27-2012,https://www.eeoc.gov/newsroom/mount-vernon-mills-pay-70000-settle-eeoc-sexual-harassment-lawsuit
Case No. 5:11-cv-00076,"Universal Toyota to Pay $140,000 to Settle EEOC Age Discrimination & Retaliation Lawsuit","$140,000",09-11-2012,https://www.eeoc.gov/newsroom/universal-toyota-pay-140000-settle-eeoc-age-discrimination-retaliation-lawsuit
Case No. 1:09-cv-00059,"Dura Automotive Systems to Pay $750,000  To Settle EEOC ADA Lawsuit","$750,000",09-05-2012,https://www.eeoc.gov/newsroom/dura-automotive-systems-pay-750000-settle-eeoc-ada-lawsuit
Case No. 4:11-cv-03506,"Vitol and Johnson Controls to Pay $62,500 to Settle EEOC Lawsuit for Retaliation","$62,500",09-04-2012,https://www.eeoc.gov/newsroom/vitol-and-johnson-controls-pay-62500-settle-eeoc-lawsuit-retaliation
Case No. 2:11-cv-01842,"ABCO West Electrical Will Pay $23,000 to Settle EEOC Disability Discrimination Lawsuit","$23,000",08-27-2012,https://www.eeoc.gov/newsroom/abco-west-electrical-will-pay-23000-settle-eeoc-disability-discrimination-lawsuit
Case No. 2:11-cv-364,"Magnetics International to Pay $30,000  To Settle EEOC Religious Discrimination Suit","$30,000",08-15-2012,https://www.eeoc.gov/newsroom/magnetics-international-pay-30000-settle-eeoc-religious-discrimination-suit
Case No. 1:11-cv-1022,"Maximus Will Pay $50,000 to Settle EEOC Disability Discrimination Lawsuit","$50,000",08-13-2012,https://www.eeoc.gov/newsroom/maximus-will-pay-50000-settle-eeoc-disability-discrimination-lawsuit
Case No. 1:11-cv-02766,"Morningside House of Ellicott City to Pay $25,000 for Religious Discrimination","$25,000",08-06-2012,https://www.eeoc.gov/newsroom/morningside-house-ellicott-city-pay-25000-religious-discrimination
Case No. 5:11-cv-05979,"dELiA*S Will Pay $75,000 to Settle EEOC Pregnancy Discrimination Lawsuit","$75,000",08-02-2012,https://www.eeoc.gov/newsroom/delias-will-pay-75000-settle-eeoc-pregnancy-discrimination-lawsuit
Case No. 5:11-cv-00468,"The Goodyear Tire & Rubber Company to Pay $20,000 to Settle EEOC Disability Discrimination Suit","$20,000",07-23-2012,https://www.eeoc.gov/newsroom/goodyear-tire-rubber-company-pay-20000-settle-eeoc-disability-discrimination-suit
Case No. 3:11-cv-00267,Owner of 25 McDonald&#39;s Restaurants to Pay $1 Million in EEOC Sexual Harassment Suit,$1,07-18-2012,https://www.eeoc.gov/newsroom/owner-25-mcdonalds-restaurants-pay-1-million-eeoc-sexual-harassment-suit
Case No. 2:11-cv-00158,"DiMare Ruskin to Pay $150,000 and Furnish Nationwide Relief to Settle EEOC Sexual Harassment Lawsuit","$150,000",07-16-2012,https://www.eeoc.gov/newsroom/dimare-ruskin-pay-150000-and-furnish-nationwide-relief-settle-eeoc-sexual-harassment
Case No. 3:11-cv-864,"RCC Consultants Will Pay $45,000 to Settle EEOC Disability Discrimination Lawsuit","$45,000",07-10-2012,https://www.eeoc.gov/newsroom/rcc-consultants-will-pay-45000-settle-eeoc-disability-discrimination-lawsuit
Case No. 1:11-cv-01252,"The Jackson Sun to Pay $150,000 to Settle EEOC Disability Discrimination Suit","$150,000",06-29-2012,https://www.eeoc.gov/newsroom/jackson-sun-pay-150000-settle-eeoc-disability-discrimination-suit
Case No. 7:11-cv-209,"Frank A. Mora to Pay $43,000 to Settle Sexual Harassment Lawsuit","$43,000",06-25-2012,https://www.eeoc.gov/newsroom/frank-mora-pay-43000-settle-sexual-harassment-lawsuit
Case No. 2:11-cv-01211,"Country Fresh Market to Pay $95,000 to Settle EEOC Harassment and Retaliation Lawsuit","$95,000",06-25-2012,https://www.eeoc.gov/newsroom/country-fresh-market-pay-95000-settle-eeoc-harassment-and-retaliation-lawsuit
